timestamp,open,high,low,close,volume
2023-01-01 00:00:00,16541.77,16559.77,16508.39,16533.04,15515.82327
2023-01-01 04:00:00,16533.04,16550.0,16499.01,16526.19,16532.24115
2023-01-01 08:00:00,16525.7,16557.0,16505.2,16556.66,15915.96701
2023-01-01 12:00:00,16556.66,16572.94,16533.68,16558.73,15046.09096
2023-01-01 16:00:00,16558.73,16623.65,16558.0,16603.08,18532.64857
2023-01-01 20:00:00,16603.53,16628.0,16586.24,16616.75,15382.64278
2023-01-02 00:00:00,16617.17,16707.25,16548.7,16661.94,19463.4751
2023-01-02 04:00:00,16662.38,16769.51,16619.44,16721.28,26026.88178
2023-01-02 08:00:00,16721.27,16772.01,16704.07,16735.11,23267.94119
2023-01-02 12:00:00,16735.51,16750.0,16669.15,16734.66,21747.21491
2023-01-02 16:00:00,16734.66,16739.64,16707.12,16737.56,12314.73653
2023-01-02 20:00:00,16737.56,16799.23,16660.51,16672.87,19068.3224
2023-01-03 00:00:00,16672.78,16706.14,16647.81,16691.81,20183.45596
2023-01-03 04:00:00,16691.81,16778.4,16681.79,16729.74,21434.34333
2023-01-03 08:00:00,16730.15,16766.0,16698.15,16721.03,25576.16376
2023-01-03 12:00:00,16721.42,16773.0,16617.79,16676.94,42131.78382
2023-01-03 16:00:00,16677.54,16688.2,16605.28,16643.37,29519.13275
2023-01-03 20:00:00,16643.77,16695.0,16640.4,16675.18,20696.65771
2023-01-04 00:00:00,16675.65,16877.65,16652.66,16862.02,41904.57254
2023-01-04 04:00:00,16862.61,16910.98,16840.36,16869.44,30270.2531
2023-01-04 08:00:00,16869.49,16919.0,16831.13,16835.35,30320.64004
2023-01-04 12:00:00,16835.35,16863.09,16765.3,16854.05,40843.05953
2023-01-04 16:00:00,16853.55,16991.87,16787.85,16842.36,52076.35176
2023-01-04 20:00:00,16842.32,16869.56,16777.0,16850.36,24947.31165
2023-01-05 00:00:00,16850.36,16878.18,16807.72,16827.71,21763.76721
2023-01-05 04:00:00,16827.71,16849.37,16789.87,16823.64,21213.55835
2023-01-05 08:00:00,16823.05,16839.0,16780.75,16833.6,26296.22105
2023-01-05 12:00:00,16833.6,16879.82,16753.0,16842.94,41963.23448
2023-01-05 16:00:00,16842.94,16875.5,16800.5,16863.85,30157.4645
2023-01-05 20:00:00,16864.29,16873.52,16818.91,16831.85,22079.32082
2023-01-06 00:00:00,16831.85,16872.57,16802.01,16833.56,22896.56633
2023-01-06 04:00:00,16833.56,16837.87,16779.96,16794.06,24759.51652
2023-01-06 08:00:00,16794.33,16812.22,16709.88,16738.22,29976.56156
2023-01-06 12:00:00,16738.74,16849.0,16679.0,16840.82,52584.91113
2023-01-06 16:00:00,16840.1,16965.41,16805.04,16939.91,42771.69765
2023-01-06 20:00:00,16940.41,17041.0,16886.21,16950.65,34412.03096
2023-01-07 00:00:00,16950.31,16981.91,16930.46,16952.46,17943.00432
2023-01-07 04:00:00,16952.73,16954.45,16922.14,16948.09,15480.43183
2023-01-07 08:00:00,16948.18,16954.95,16908.07,16918.3,18936.72265
2023-01-07 12:00:00,16918.3,16947.7,16908.0,16940.42,20650.09476
2023-01-07 16:00:00,16940.6,16946.13,16916.0,16944.05,16073.99982
2023-01-07 20:00:00,16944.05,16951.92,16929.46,16943.57,15442.31542
2023-01-08 00:00:00,16943.83,16955.0,16911.0,16944.02,18295.79671
2023-01-08 04:00:00,16944.02,16957.12,16933.26,16953.77,14667.61069
2023-01-08 08:00:00,16953.77,16967.67,16925.05,16927.42,20434.41029
2023-01-08 12:00:00,16927.42,17019.79,16920.37,17000.43,23086.53831
2023-01-08 16:00:00,17000.43,17022.08,16916.1,16927.25,23557.66783
2023-01-08 20:00:00,16927.25,17176.99,16924.41,17127.83,35113.87312
2023-01-09 00:00:00,17127.83,17252.6,17104.66,17197.0,50799.16414
2023-01-09 04:00:00,17197.0,17262.56,17180.0,17198.48,33546.34885
2023-01-09 08:00:00,17198.01,17285.48,17186.95,17238.93,38468.19722
2023-01-09 12:00:00,17239.47,17335.35,17190.74,17268.49,50514.03168
2023-01-09 16:00:00,17268.49,17398.8,17268.02,17293.69,52520.91466
2023-01-09 20:00:00,17294.19,17313.3,17128.0,17178.26,40362.87068
2023-01-10 00:00:00,17179.04,17235.0,17146.34,17205.72,30946.1691
2023-01-10 04:00:00,17205.31,17233.91,17189.15,17203.2,25989.57305
2023-01-10 08:00:00,17203.2,17286.02,17187.73,17252.89,31083.00421
2023-01-10 12:00:00,17252.89,17375.0,17212.14,17327.7,57523.3681
2023-01-10 16:00:00,17327.7,17456.07,17282.0,17432.85,43079.81645
2023-01-10 20:00:00,17432.85,17499.0,17403.73,17440.66,32760.4949
2023-01-11 00:00:00,17440.64,17510.0,17366.58,17416.14,31946.4848
2023-01-11 04:00:00,17416.49,17462.99,17388.0,17446.65,29726.8908
2023-01-11 08:00:00,17447.02,17472.15,17408.68,17437.75,29986.37534
2023-01-11 12:00:00,17437.75,17437.75,17315.6,17332.43,49062.38496
2023-01-11 16:00:00,17331.9,17571.7,17320.42,17550.29,55789.51498
2023-01-11 20:00:00,17549.62,18000.0,17508.86,17943.26,65709.95565
2023-01-12 00:00:00,17943.26,18385.71,17907.25,18224.68,82494.53271
2023-01-12 04:00:00,18224.68,18241.43,18075.19,18138.22,37256.18339
2023-01-12 08:00:00,18138.21,18222.59,18071.06,18200.8,34254.13454
2023-01-12 12:00:00,18200.8,18380.47,17892.05,18086.62,130706.45782
2023-01-12 16:00:00,18087.28,19060.0,18054.61,18885.35,110884.4527
2023-01-12 20:00:00,18885.35,19117.04,18762.0,18846.62,58972.56062
2023-01-13 00:00:00,18846.62,18887.0,18714.12,18876.37,41728.30446
2023-01-13 04:00:00,18876.37,18883.79,18778.41,18824.25,33637.34382
2023-01-13 08:00:00,18825.0,19057.7,18810.01,18920.95,53635.34061
2023-01-13 12:00:00,18920.95,19310.91,18811.52,19261.19,84962.31802
2023-01-13 16:00:00,19261.19,19406.26,19060.15,19362.01,76088.31369
2023-01-13 20:00:00,19363.43,20000.0,19315.77,19930.01,78564.25763
2023-01-14 00:00:00,19930.01,21258.0,19888.05,20967.23,132906.52741
2023-01-14 04:00:00,20967.23,21033.64,20777.37,20897.36,44676.34594
2023-01-14 08:00:00,20897.36,21022.39,20225.06,20721.73,79770.25474
2023-01-14 12:00:00,20721.03,21200.0,20568.12,20786.74,70757.33684
2023-01-14 16:00:00,20785.85,20911.23,20660.0,20783.68,40261.90826
2023-01-14 20:00:00,20783.68,21072.27,20758.0,20954.92,25541.37632
2023-01-15 00:00:00,20952.76,21001.84,20551.01,20719.09,38036.35096
2023-01-15 04:00:00,20719.09,20789.58,20666.88,20735.69,20276.51594
2023-01-15 08:00:00,20735.69,20759.0,20573.13,20722.23,28650.05726
2023-01-15 12:00:00,20722.23,20994.05,20652.24,20908.28,32504.50894
2023-01-15 16:00:00,20906.97,21050.74,20665.0,20870.15,37663.66746
2023-01-15 20:00:00,20870.15,20952.37,20746.39,20871.5,21411.12493
2023-01-16 00:00:00,20872.99,21439.59,20770.2,21075.68,65696.37043
2023-01-16 04:00:00,21074.8,21260.0,21037.64,21109.23,32932.04546
2023-01-16 08:00:00,21109.4,21113.22,20666.0,20817.56,49457.76438
2023-01-16 12:00:00,20816.63,21053.89,20611.48,20994.17,50011.28024
2023-01-16 16:00:00,20995.37,21414.42,20916.43,21308.57,57585.03731
2023-01-16 20:00:00,21307.29,21474.05,21048.16,21185.65,37395.5848
2023-01-17 00:00:00,21185.65,21299.04,20841.31,21124.57,43454.76384
2023-01-17 04:00:00,21124.57,21236.62,21060.8,21133.65,27720.49973
2023-01-17 08:00:00,21133.65,21249.46,21082.48,21219.75,32766.90672
2023-01-17 12:00:00,21219.21,21647.45,21030.0,21176.06,87104.51182
2023-01-17 16:00:00,21176.06,21412.0,21084.0,21336.46,48658.53141
2023-01-17 20:00:00,21336.46,21413.15,21121.71,21134.81,35702.53057
2023-01-18 00:00:00,21132.29,21377.44,21103.15,21258.54,40301.19947
2023-01-18 04:00:00,21257.0,21320.0,21228.54,21307.94,26697.4268
2023-01-18 08:00:00,21307.94,21316.77,21151.0,21204.67,33225.41111
2023-01-18 12:00:00,21204.67,21650.0,20842.0,21042.73,97538.81068
2023-01-18 16:00:00,21042.73,21136.8,20407.15,20906.54,112546.34199
2023-01-18 20:00:00,20905.37,20938.67,20624.02,20677.47,40606.82944
2023-01-19 00:00:00,20677.47,20817.85,20659.19,20748.04,37267.51378
2023-01-19 04:00:00,20748.04,20874.81,20742.71,20818.95,28848.62637
2023-01-19 08:00:00,20818.94,20846.75,20706.9,20743.72,35522.44033
2023-01-19 12:00:00,20744.17,20960.23,20660.8,20876.44,61331.76023
2023-01-19 16:00:00,20876.44,21142.07,20791.13,21090.95,51508.95942
2023-01-19 20:00:00,21092.1,21192.0,20919.31,21071.59,36906.54912
2023-01-20 00:00:00,21071.59,21219.6,21013.96,21087.74,37141.33047
2023-01-20 04:00:00,21087.74,21127.33,20861.28,20959.44,38475.43025
2023-01-20 08:00:00,20958.43,20993.99,20898.79,20963.51,33292.86295
2023-01-20 12:00:00,20963.34,21247.55,20955.53,21144.77,63718.57309
2023-01-20 16:00:00,21145.05,21529.0,21140.99,21496.67,68762.00358
2023-01-20 20:00:00,21496.67,22755.93,21495.75,22667.21,96688.93625
2023-01-21 00:00:00,22666.0,22792.86,22422.0,22547.35,46689.92028
2023-01-21 04:00:00,22547.83,22670.0,22514.6,22638.36,31004.20655
2023-01-21 08:00:00,22638.36,23335.77,22595.23,22905.65,102373.50511
2023-01-21 12:00:00,22907.01,23280.0,22851.94,22998.9,60494.75835
2023-01-21 16:00:00,22998.9,23371.8,22980.0,23270.5,62208.75289
2023-01-21 20:00:00,23270.97,23299.55,22680.73,22783.55,43674.34114
2023-01-22 00:00:00,22783.35,22979.88,22602.55,22758.3,43093.66569
2023-01-22 04:00:00,22759.08,22967.33,22716.72,22895.2,29768.68658
2023-01-22 08:00:00,22895.49,22938.12,22726.02,22783.61,31739.4919
2023-01-22 12:00:00,22784.74,23078.71,22645.59,22794.51,49271.02796
2023-01-22 16:00:00,22794.63,22959.71,22687.13,22722.15,41105.52201
2023-01-22 20:00:00,22721.88,22773.89,22292.37,22707.88,58599.35872
2023-01-23 00:00:00,22706.02,22826.46,22646.43,22661.02,36139.99774
2023-01-23 04:00:00,22661.02,22794.33,22600.14,22695.9,33194.2653
2023-01-23 08:00:00,22696.61,22957.25,22662.38,22904.58,38266.29469
2023-01-23 12:00:00,22904.58,23115.0,22500.0,22853.14,80367.50864
2023-01-23 16:00:00,22855.44,23180.0,22654.0,22792.47,71278.43489
2023-01-23 20:00:00,22792.47,23044.56,22753.71,22916.45,34341.87812
2023-01-24 00:00:00,22917.81,23144.76,22864.67,23079.27,41432.57478
2023-01-24 04:00:00,23079.87,23162.2,23006.98,23054.08,34450.19326
2023-01-24 08:00:00,23054.7,23090.25,22770.0,22917.66,46085.15863
2023-01-24 12:00:00,22917.11,23035.31,22711.0,22931.36,64690.98641
2023-01-24 16:00:00,22931.36,23079.0,22785.59,23018.53,44205.31571
2023-01-24 20:00:00,23017.73,23080.45,22462.93,22632.89,62294.55375
2023-01-25 00:00:00,22631.94,22715.06,22300.0,22643.61,56101.10349
2023-01-25 04:00:00,22643.04,22772.0,22606.04,22712.45,30093.23392
2023-01-25 08:00:00,22711.85,22739.11,22475.0,22598.47,39000.61252
2023-01-25 12:00:00,22598.45,22745.0,22335.0,22577.86,70513.75269
2023-01-25 16:00:00,22578.79,22765.3,22510.0,22748.86,50906.47279
2023-01-25 20:00:00,22749.97,23816.73,22749.93,23060.94,99427.65682
2023-01-26 00:00:00,23060.42,23282.47,23041.14,23136.16,49167.22282
2023-01-26 04:00:00,23136.16,23197.8,22897.17,22966.73,45284.94138
2023-01-26 08:00:00,22965.81,23048.49,22850.01,22992.94,39326.2452
2023-01-26 12:00:00,22992.09,23250.0,22880.95,22958.02,81188.23496
2023-01-26 16:00:00,22955.16,23106.51,22853.81,23070.0,43604.15119
2023-01-26 20:00:00,23068.57,23195.0,22963.07,23009.65,30353.64026
2023-01-27 00:00:00,23009.65,23076.62,22534.88,22772.62,46182.87922
2023-01-27 04:00:00,22772.2,23100.0,22760.64,23072.77,38724.8656
2023-01-27 08:00:00,23072.29,23083.87,22903.03,22967.47,33552.11913
2023-01-27 12:00:00,22967.48,23148.0,22841.19,22933.96,62813.27522
2023-01-27 16:00:00,22932.2,23284.32,22924.01,23253.06,49014.72696
2023-01-27 20:00:00,23253.06,23500.0,22951.33,23074.16,50545.99702
2023-01-28 00:00:00,23074.16,23189.0,23042.54,23117.44,24315.1602
2023-01-28 04:00:00,23117.44,23133.4,22951.01,22991.51,24728.2785
2023-01-28 08:00:00,22991.86,23017.27,22905.0,22981.51,25675.38157
2023-01-28 12:00:00,22981.51,23044.12,22878.46,23012.54,33451.32025
2023-01-28 16:00:00,23012.02,23052.82,22975.0,23039.35,20431.10042
2023-01-28 20:00:00,23039.35,23042.91,22942.0,23022.6,19514.46991
2023-01-29 00:00:00,23021.4,23492.0,22967.76,23193.43,52580.79543
2023-01-29 04:00:00,23194.27,23268.51,23144.99,23203.86,24988.1288
2023-01-29 08:00:00,23203.39,23605.74,23153.64,23432.17,55739.69077
2023-01-29 12:00:00,23431.39,23666.0,23350.47,23525.09,54723.54894
2023-01-29 16:00:00,23525.09,23960.54,23472.0,23897.84,66296.44216
2023-01-29 20:00:00,23896.65,23910.6,23600.0,23742.3,41360.18594
2023-01-30 00:00:00,23743.37,23800.51,23567.1,23701.44,36904.38643
2023-01-30 04:00:00,23700.78,23769.32,23599.15,23642.81,31345.83274
2023-01-30 08:00:00,23642.81,23676.98,23017.0,23077.47,72543.62927
2023-01-30 12:00:00,23077.47,23301.82,22962.68,23178.51,58389.64648
2023-01-30 16:00:00,23178.51,23248.86,22627.9,22784.86,58798.23417
2023-01-30 20:00:00,22784.86,22840.69,22500.0,22826.15,44424.17212
2023-01-31 00:00:00,22827.38,22913.71,22714.77,22835.01,35131.51516
2023-01-31 04:00:00,22835.46,22989.48,22743.05,22978.24,35466.16773
2023-01-31 08:00:00,22978.24,22996.84,22810.03,22865.43,35127.03829
2023-01-31 12:00:00,22865.97,23206.84,22851.01,23121.8,64918.10238
2023-01-31 16:00:00,23121.8,23221.14,23081.08,23163.88,42055.90095
2023-01-31 20:00:00,23162.99,23320.0,22812.69,23125.13,51950.62458
2023-02-01 00:00:00,23125.13,23184.29,22997.1,23130.19,35705.95217
2023-02-01 04:00:00,23130.7,23167.39,23017.07,23076.68,32517.47391
2023-02-01 08:00:00,23076.67,23100.0,22919.33,23077.52,37238.66144
2023-02-01 12:00:00,23078.43,23144.85,22938.36,22979.73,53826.35919
2023-02-01 16:00:00,22979.73,23494.77,22760.23,23385.99,77933.60595
2023-02-01 20:00:00,23385.99,23812.66,23320.01,23732.66,73568.37005
2023-02-02 00:00:00,23731.41,24255.0,23690.02,23848.6,61426.43407
2023-02-02 04:00:00,23848.6,23921.1,23658.2,23781.12,36774.35541
2023-02-02 08:00:00,23780.65,23852.75,23750.0,23820.49,34341.7451
2023-02-02 12:00:00,23820.49,23945.68,23525.0,23839.5,83485.59583
2023-02-02 16:00:00,23839.5,24144.62,23725.76,23802.57,83227.45056
2023-02-02 20:00:00,23802.57,23924.81,23363.27,23488.94,64921.62654
2023-02-03 00:00:00,23489.33,23590.11,23411.47,23534.18,41608.93455
2023-02-03 04:00:00,23533.64,23566.18,23447.25,23456.23,34988.87578
2023-02-03 08:00:00,23456.22,23541.7,23322.3,23534.13,47896.72547
2023-02-03 12:00:00,23533.32,23710.8,23227.16,23603.36,102225.36461
2023-02-03 16:00:00,23604.62,23715.7,23300.76,23307.99,68730.83213
2023-02-03 20:00:00,23308.05,23472.0,23204.62,23431.9,37120.2965
2023-02-04 00:00:00,23431.9,23465.15,23331.16,23343.43,25040.05526
2023-02-04 04:00:00,23343.12,23361.33,23253.96,23329.18,24999.77578
2023-02-04 08:00:00,23329.18,23376.27,23292.19,23363.76,23614.83087
2023-02-04 12:00:00,23364.14,23587.78,23340.44,23421.45,41379.54799
2023-02-04 16:00:00,23421.45,23472.5,23358.57,23425.89,26883.53409
2023-02-04 20:00:00,23425.28,23449.96,23259.62,23326.84,24208.72896
2023-02-05 00:00:00,23327.66,23371.99,23230.0,23344.53,27050.82035
2023-02-05 04:00:00,23344.53,23433.33,23326.23,23377.4,20474.72317
2023-02-05 08:00:00,23377.03,23419.74,23345.0,23356.33,24127.72175
2023-02-05 12:00:00,23356.86,23374.8,23000.01,23096.16,51552.20203
2023-02-05 16:00:00,23096.92,23157.75,22743.0,22891.8,56584.15419
2023-02-05 20:00:00,22892.65,23030.0,22795.01,22932.91,29461.71768
2023-02-06 00:00:00,22932.91,23094.92,22823.0,22895.48,29572.88535
2023-02-06 04:00:00,22895.48,22928.2,22628.13,22879.69,39216.01093
2023-02-06 08:00:00,22880.91,22939.99,22735.46,22878.23,40012.24453
2023-02-06 12:00:00,22878.23,23054.66,22745.01,23041.39,58692.68023
2023-02-06 16:00:00,23042.86,23158.25,22921.25,23031.03,56494.24898
2023-02-06 20:00:00,23030.29,23032.13,22638.0,22762.52,41383.53688
2023-02-07 00:00:00,22762.52,22897.67,22745.78,22877.99,33497.36874
2023-02-07 04:00:00,22877.99,22986.71,22861.45,22910.91,36499.34993
2023-02-07 08:00:00,22910.91,23064.56,22862.85,22977.24,44279.99243
2023-02-07 12:00:00,22977.24,23042.0,22876.35,22904.89,52432.35114
2023-02-07 16:00:00,22904.89,23350.25,22769.05,23091.9,97115.49334
2023-02-07 20:00:00,23092.87,23309.29,23029.11,23240.46,44182.16924
2023-02-08 00:00:00,23242.42,23452.0,23225.19,23255.34,40305.77589
2023-02-08 04:00:00,23255.34,23287.3,23183.17,23232.68,31403.38319
2023-02-08 08:00:00,23233.23,23239.44,23132.21,23159.07,34433.80696
2023-02-08 12:00:00,23159.07,23199.58,22857.0,22872.28,65167.42448
2023-02-08 16:00:00,22871.28,23042.95,22665.85,22874.89,73007.67562
2023-02-08 20:00:00,22873.9,22980.3,22778.93,22963.0,35738.24103
2023-02-09 00:00:00,22961.85,23011.39,22424.48,22518.44,65154.16827
2023-02-09 04:00:00,22519.56,22737.48,22353.71,22676.41,55075.60069
2023-02-09 08:00:00,22676.41,22770.0,22663.32,22685.79,41696.32449
2023-02-09 12:00:00,22685.79,22831.41,22556.32,22610.94,74349.41042
2023-02-09 16:00:00,22610.94,22623.41,21881.0,22032.71,93051.2266
2023-02-09 20:00:00,22030.99,22084.46,21688.0,21796.35,73567.96503
2023-02-10 00:00:00,21797.83,21938.16,21756.0,21825.59,44103.28784
2023-02-10 04:00:00,21825.59,21926.2,21622.4,21911.71,57049.51366
2023-02-10 08:00:00,21910.61,21926.91,21713.96,21733.52,53475.20812
2023-02-10 12:00:00,21732.63,21901.24,21520.0,21654.09,79689.38726
2023-02-10 16:00:00,21652.75,21799.0,21558.13,21771.09,59831.97353
2023-02-10 20:00:00,21772.26,21790.92,21451.0,21625.19,44442.57206
2023-02-11 00:00:00,21625.19,21725.95,21599.78,21678.56,33397.4464
2023-02-11 04:00:00,21678.56,21715.38,21640.03,21692.63,26123.14402
2023-02-11 08:00:00,21692.63,21705.0,21658.01,21697.44,26681.07439
2023-02-11 12:00:00,21697.44,21777.54,21662.11,21735.78,33330.44499
2023-02-11 16:00:00,21735.78,21737.89,21618.23,21662.63,26494.56227
2023-02-11 20:00:00,21662.36,21906.32,21645.21,21862.55,30994.91226
2023-02-12 00:00:00,21862.02,21890.16,21766.0,21781.38,25750.93181
2023-02-12 04:00:00,21781.38,21817.15,21761.04,21798.42,24728.18422
2023-02-12 08:00:00,21798.42,21960.0,21798.01,21888.31,32585.21424
2023-02-12 12:00:00,21888.31,21995.6,21756.04,21945.3,41637.6802
2023-02-12 16:00:00,21944.14,22090.0,21914.07,21997.18,38167.26838
2023-02-12 20:00:00,21997.18,22028.78,21630.0,21783.54,41566.37278
2023-02-13 00:00:00,21782.37,21876.43,21622.47,21808.6,45008.5028
2023-02-13 04:00:00,21808.6,21894.99,21792.86,21867.69,29927.77153
2023-02-13 08:00:00,21867.74,21874.97,21433.0,21603.11,71030.04136
2023-02-13 12:00:00,21602.8,21701.34,21556.0,21563.02,51668.73309
2023-02-13 16:00:00,21561.84,21678.0,21351.07,21607.81,62803.51308
2023-02-13 20:00:00,21607.81,21845.79,21559.95,21773.97,35292.20605
2023-02-14 00:00:00,21774.63,21816.62,21677.47,21700.42,31230.75357
2023-02-14 04:00:00,21700.42,21789.46,21684.59,21768.48,31733.58592
2023-02-14 08:00:00,21767.56,21875.42,21666.39,21809.81,44954.45087
2023-02-14 12:00:00,21809.81,22319.08,21532.77,22041.45,136833.56633
2023-02-14 16:00:00,22040.52,22245.0,21917.31,22208.65,77894.26418
2023-02-14 20:00:00,22207.96,22285.0,22122.7,22199.84,39311.78022
2023-02-15 00:00:00,22199.84,22200.88,22047.28,22099.49,36360.45775
2023-02-15 04:00:00,22099.13,22199.29,22072.55,22109.89,32290.25159
2023-02-15 08:00:00,22109.89,22500.0,22089.11,22445.13,49264.71292
2023-02-15 12:00:00,22444.28,22916.98,22443.24,22809.46,100777.72923
2023-02-15 16:00:00,22809.46,23353.87,22745.03,23318.9,70218.08957
2023-02-15 20:00:00,23320.18,24380.0,23296.3,24324.05,86757.92005
2023-02-16 00:00:00,24322.87,24905.0,24278.58,24732.42,58850.15163
2023-02-16 04:00:00,24731.6,24756.35,24430.12,24612.95,48051.21682
2023-02-16 08:00:00,24611.51,24664.49,24509.07,24568.55,39484.86925
2023-02-16 12:00:00,24567.93,25091.0,24283.35,25072.67,101794.47626
2023-02-16 16:00:00,25072.67,25250.0,24606.14,24872.58,108806.09222
2023-02-16 20:00:00,24872.58,24879.81,23505.25,23517.72,93093.87748
2023-02-17 00:00:00,23517.72,23914.58,23339.37,23838.64,69235.79241
2023-02-17 04:00:00,23838.64,23883.12,23612.0,23637.04,43781.38344
2023-02-17 08:00:00,23635.84,23861.78,23532.69,23789.82,58228.45005
2023-02-17 12:00:00,23789.12,24280.0,23710.0,24130.5,118441.1066
2023-02-17 16:00:00,24130.5,24560.64,23917.65,24524.49,115198.92622
2023-02-17 20:00:00,24524.49,25021.11,24051.73,24569.97,91927.55504
2023-02-18 00:00:00,24568.24,24787.5,24503.49,24609.68,37989.15667
2023-02-18 04:00:00,24609.68,24676.9,24430.0,24519.01,31352.25067
2023-02-18 08:00:00,24519.01,24607.82,24436.46,24519.42,33957.71014
2023-02-18 12:00:00,24519.93,24734.32,24488.43,24668.26,45000.52343
2023-02-18 16:00:00,24667.02,24877.0,24567.9,24608.34,45513.45782
2023-02-18 20:00:00,24608.34,24666.0,24514.03,24631.95,23104.1534
2023-02-19 00:00:00,24632.05,24770.67,24622.18,24681.69,24556.3165
2023-02-19 04:00:00,24682.1,24850.0,24563.23,24582.62,38276.37482
2023-02-19 08:00:00,24582.62,24706.77,24560.47,24669.43,30376.46031
2023-02-19 12:00:00,24669.43,25046.0,24656.44,24922.21,59494.57652
2023-02-19 16:00:00,24922.21,25192.0,24277.53,24523.79,99703.62008
2023-02-19 20:00:00,24523.04,24580.28,24192.57,24271.76,47988.64719
2023-02-20 00:00:00,24272.51,24480.44,23840.83,24418.95,63390.50289
2023-02-20 04:00:00,24417.86,24555.0,24402.87,24503.65,38007.57091
2023-02-20 08:00:00,24503.65,24983.71,24373.33,24890.0,79645.74015
2023-02-20 12:00:00,24889.0,25121.23,24720.0,24942.87,80964.87642
2023-02-20 16:00:00,24942.87,24957.32,24622.0,24872.19,56462.35763
2023-02-20 20:00:00,24872.18,24887.2,24655.0,24842.2,28467.52197
2023-02-21 00:00:00,24843.89,25093.23,24781.5,24926.56,47489.89991
2023-02-21 04:00:00,24926.56,25050.0,24854.18,24999.95,37867.03335
2023-02-21 08:00:00,24999.77,25250.0,24555.55,24572.83,86178.83261
2023-02-21 12:00:00,24572.83,24790.0,24408.0,24558.09,79603.75437
2023-02-21 16:00:00,24556.81,24745.78,24279.35,24602.88,75522.89551
2023-02-21 20:00:00,24602.88,24639.56,24148.34,24452.16,49338.41293
2023-02-22 00:00:00,24450.67,24476.05,23855.55,24201.85,66953.18365
2023-02-22 04:00:00,24202.67,24221.6,23931.0,24060.95,53259.16489
2023-02-22 08:00:00,24059.73,24216.55,23860.61,24160.87,58413.62449
2023-02-22 12:00:00,24160.87,24235.37,23627.08,23713.61,86251.40733
2023-02-22 16:00:00,23714.94,23972.97,23574.69,23791.67,74769.74135
2023-02-22 20:00:00,23791.68,24218.92,23735.19,24182.21,39778.63194
2023-02-23 00:00:00,24182.21,24599.59,24124.33,24454.85,58028.05449
2023-02-23 04:00:00,24454.85,24526.08,24311.35,24376.27,40892.96719
2023-02-23 08:00:00,24377.12,24494.28,23647.46,23780.2,72957.69926
2023-02-23 12:00:00,23780.21,24228.44,23608.0,23950.92,114931.1652
2023-02-23 16:00:00,23951.83,24056.0,23725.1,23971.5,72622.39716
2023-02-23 20:00:00,23971.51,24069.87,23756.77,23940.2,38968.17107
2023-02-24 00:00:00,23940.2,24132.35,23890.0,23954.05,37762.53136
2023-02-24 04:00:00,23954.5,23986.12,23766.6,23830.32,37287.85119
2023-02-24 08:00:00,23831.22,23973.79,23754.03,23883.72,38332.75164
2023-02-24 12:00:00,23883.72,24027.44,23322.01,23351.31,88325.951
2023-02-24 16:00:00,23349.25,23353.1,22841.19,23182.27,94448.70234
2023-02-24 20:00:00,23182.27,23332.79,22974.3,23185.29,47424.787
2023-02-25 00:00:00,23184.04,23219.13,23045.33,23077.64,26711.13207
2023-02-25 04:00:00,23077.12,23129.65,23023.23,23117.16,24808.07053
2023-02-25 08:00:00,23117.1,23158.16,22906.5,22983.85,35506.74408
2023-02-25 12:00:00,22983.85,23086.0,22858.35,23006.18,33363.06698
2023-02-25 16:00:00,23006.18,23086.29,22912.1,22983.05,31984.90521
2023-02-25 20:00:00,22983.78,23185.99,22722.0,23157.07,38937.89123
2023-02-26 00:00:00,23157.07,23250.0,23059.18,23214.53,25544.02597
2023-02-26 04:00:00,23214.53,23227.17,23090.0,23154.57,22591.59482
2023-02-26 08:00:00,23154.57,23293.97,23112.35,23253.44,27886.07588
2023-02-26 12:00:00,23253.44,23331.26,23126.47,23247.23,35538.36772
2023-02-26 16:00:00,23247.96,23544.93,23137.0,23499.33,42223.44384
2023-02-26 20:00:00,23499.33,23689.99,23323.42,23554.85,48540.228
2023-02-27 00:00:00,23554.85,23644.65,23432.76,23551.62,30792.51063
2023-02-27 04:00:00,23551.99,23561.34,23346.16,23423.31,30283.95062
2023-02-27 08:00:00,23423.88,23455.31,23332.65,23428.87,28495.85395
2023-02-27 12:00:00,23428.87,23897.99,23379.25,23559.4,83616.02692
2023-02-27 16:00:00,23557.66,23618.3,23150.0,23276.35,71456.59915
2023-02-27 20:00:00,23276.34,23582.98,23106.77,23492.09,39061.14463
2023-02-28 00:00:00,23492.09,23549.99,23349.57,23467.52,25897.10942
2023-02-28 04:00:00,23467.01,23470.44,23212.8,23236.68,29133.3021
2023-02-28 08:00:00,23235.63,23421.98,23200.0,23392.69,33078.50122
2023-02-28 12:00:00,23391.96,23579.12,23315.42,23518.3,68386.6113
2023-02-28 16:00:00,23519.08,23600.0,23205.06,23264.36,54116.84831
2023-02-28 20:00:00,23263.38,23343.55,23020.97,23141.57,53528.62659
2023-03-01 00:00:00,23141.57,23498.0,23020.03,23441.14,47163.64208
2023-03-01 04:00:00,23440.37,23847.0,23425.44,23716.06,49437.13297
2023-03-01 08:00:00,23716.06,24000.0,23673.44,23739.17,45593.75366
2023-03-01 12:00:00,23739.87,23888.0,23550.8,23711.09,71527.84275
2023-03-01 16:00:00,23711.09,23746.24,23328.16,23355.14,59540.49755
2023-03-01 20:00:00,23354.03,23674.6,23300.0,23628.97,42024.54836
2023-03-02 00:00:00,23629.76,23796.93,23423.17,23494.29,38918.66091
2023-03-02 04:00:00,23494.29,23546.82,23335.41,23391.87,27953.94328
2023-03-02 08:00:00,23391.87,23468.5,23337.37,23414.73,32030.91052
2023-03-02 12:00:00,23414.73,23434.26,23195.9,23361.11,63610.81714
2023-03-02 16:00:00,23361.1,23507.97,23231.29,23463.99,46562.98279
2023-03-02 20:00:00,23463.4,23567.52,23386.44,23465.32,30238.13755
2023-03-03 00:00:00,23465.32,23476.95,21971.13,22319.69,105002.30763
2023-03-03 04:00:00,22319.69,22411.36,22251.08,22360.78,39524.68367
2023-03-03 08:00:00,22360.78,22479.97,22300.14,22342.92,34119.07106
2023-03-03 12:00:00,22343.06,22498.99,22172.65,22336.33,63808.35172
2023-03-03 16:00:00,22335.84,22448.25,22229.25,22358.48,42253.91274
2023-03-03 20:00:00,22357.83,22378.22,22147.0,22354.34,35245.87103
2023-03-04 00:00:00,22354.34,22392.17,22323.05,22346.66,17092.81805
2023-03-04 04:00:00,22346.65,22410.0,22269.94,22359.09,20708.89441
2023-03-04 08:00:00,22359.44,22376.97,22322.3,22349.46,15610.44674
2023-03-04 12:00:00,22349.46,22398.0,22307.98,22317.87,19247.99791
2023-03-04 16:00:00,22317.38,22347.93,22227.2,22250.78,18483.98314
2023-03-04 20:00:00,22250.67,22359.0,22157.08,22346.57,30113.24107
2023-03-05 00:00:00,22346.57,22662.09,22189.22,22387.02,47822.67957
2023-03-05 04:00:00,22387.02,22470.93,22365.26,22375.7,19299.91498
2023-03-05 08:00:00,22375.7,22448.8,22316.63,22389.77,20090.00817
2023-03-05 12:00:00,22390.12,22494.96,22388.57,22436.18,22428.03796
2023-03-05 16:00:00,22436.7,22460.07,22374.6,22403.45,16269.59179
2023-03-05 20:00:00,22403.45,22560.0,22331.0,22430.24,28931.52539
2023-03-06 00:00:00,22430.24,22508.0,22258.0,22387.19,38270.80221
2023-03-06 04:00:00,22387.19,22436.0,22313.94,22392.74,20841.04209
2023-03-06 08:00:00,22392.74,22450.0,22355.0,22379.57,28144.14141
2023-03-06 12:00:00,22379.95,22602.19,22357.08,22553.42,44162.64438
2023-03-06 16:00:00,22554.43,22586.98,22358.0,22393.35,45283.05605
2023-03-06 20:00:00,22393.35,22450.0,22320.01,22410.0,27050.14343
2023-03-07 00:00:00,22409.41,22557.91,22377.69,22460.54,28066.33637
2023-03-07 04:00:00,22460.99,22479.85,22408.09,22419.71,21032.34041
2023-03-07 08:00:00,22420.29,22432.6,22321.0,22351.02,35538.29626
2023-03-07 12:00:00,22351.02,22489.88,21927.0,22320.9,97281.67866
2023-03-07 16:00:00,22321.98,22394.08,22054.92,22124.77,62136.24828
2023-03-07 20:00:00,22125.99,22230.51,21943.0,22197.96,48464.90914
2023-03-08 00:00:00,22198.56,22287.0,22084.3,22152.52,30155.52102
2023-03-08 04:00:00,22152.52,22167.73,21840.13,21971.03,47071.5731
2023-03-08 08:00:00,21971.83,22144.2,21944.55,22072.45,41053.20652
2023-03-08 12:00:00,22071.98,22229.04,21876.66,22140.8,81155.91342
2023-03-08 16:00:00,22139.97,22218.3,21944.25,21997.25,47324.56273
2023-03-08 20:00:00,21997.25,22133.75,21580.0,21705.44,54699.79593
2023-03-09 00:00:00,21704.37,21806.68,21629.43,21769.66,35431.65786
2023-03-09 04:00:00,21770.37,21774.69,21665.67,21688.54,27862.16425
2023-03-09 08:00:00,21688.54,21700.0,21527.0,21669.38,52297.6602
2023-03-09 12:00:00,21669.38,21834.99,21552.84,21648.57,71861.08871
2023-03-09 16:00:00,21647.42,21675.22,20766.2,20854.93,127310.48874
2023-03-09 20:00:00,20856.3,20867.3,20042.72,20362.22,128895.22608
2023-03-10 00:00:00,20362.21,20367.78,19776.22,20052.07,111144.42259
2023-03-10 04:00:00,20052.07,20065.0,19776.55,19953.58,83995.86888
2023-03-10 08:00:00,19953.58,19977.0,19549.09,19760.78,96978.28705
2023-03-10 12:00:00,19761.12,20321.19,19657.11,20004.96,152618.48716
2023-03-10 16:00:00,20004.96,20307.73,19824.06,20024.32,109663.76524
2023-03-10 20:00:00,20022.72,20240.4,19850.0,20150.69,64055.63618
2023-03-11 00:00:00,20150.69,20686.51,20135.05,20393.88,98589.40007
2023-03-11 04:00:00,20393.89,20435.43,19823.82,19850.81,76336.21941
2023-03-11 08:00:00,19850.81,20208.36,19765.03,20086.07,81791.94176
2023-03-11 12:00:00,20086.07,20205.46,20030.0,20061.98,50101.82477
2023-03-11 16:00:00,20062.77,20331.44,19992.24,20220.96,62707.52998
2023-03-11 20:00:00,20220.98,20529.91,20214.63,20455.73,58304.90534
2023-03-12 00:00:00,20455.73,20502.46,20303.53,20376.46,51370.51344
2023-03-12 04:00:00,20376.47,20440.8,20270.6,20346.71,35988.61581
2023-03-12 08:00:00,20346.71,20497.34,20333.8,20445.43,39710.54197
2023-03-12 12:00:00,20445.56,20466.0,20284.39,20358.96,49787.13406
2023-03-12 16:00:00,20359.59,21331.75,20341.85,20779.54,124989.68987
2023-03-12 20:00:00,20779.54,22150.0,20755.76,21997.11,129098.44773
2023-03-13 00:00:00,21998.05,22600.0,21860.74,22231.62,111447.41727
2023-03-13 04:00:00,22232.76,22506.0,22222.88,22458.72,68170.49795
2023-03-13 08:00:00,22458.87,22539.64,21813.88,22106.64,112208.05043
2023-03-13 12:00:00,22106.63,24500.0,21959.0,23981.72,216519.77954
2023-03-13 16:00:00,23981.72,24393.83,23755.0,24279.91,122447.56492
2023-03-13 20:00:00,24277.25,24311.99,23938.0,24113.48,57096.00248
2023-03-14 00:00:00,24112.27,24496.41,23986.02,24374.2,70241.14758
2023-03-14 04:00:00,24375.68,24820.0,24139.06,24247.64,78968.84513
2023-03-14 08:00:00,24246.75,24820.0,24118.28,24743.04,90925.96183
2023-03-14 12:00:00,24743.05,26386.87,24458.04,25894.67,210348.01513
2023-03-14 16:00:00,25894.67,26001.81,24212.49,25054.15,144791.97024
2023-03-14 20:00:00,25048.39,25167.9,23976.42,24670.41,104084.99432
2023-03-15 00:00:00,24670.41,25074.24,24284.6,24717.65,74592.62791
2023-03-15 04:00:00,24716.87,24918.59,24599.0,24871.28,49951.0718
2023-03-15 08:00:00,24872.54,24922.22,24255.0,24754.5,92660.51407
2023-03-15 12:00:00,24753.27,25196.97,24371.6,24471.01,172954.88765
2023-03-15 16:00:00,24471.01,24523.0,23896.95,24366.71,137774.37953
2023-03-15 20:00:00,24369.97,24633.02,24223.0,24285.66,53517.24888
2023-03-16 00:00:00,24285.66,24439.8,24123.0,24265.43,52421.25766
2023-03-16 04:00:00,24265.44,24685.0,24182.0,24614.27,58224.85322
2023-03-16 08:00:00,24615.79,25066.32,24374.35,24824.62,94332.38827
2023-03-16 12:00:00,24826.33,25032.74,24515.23,24888.44,105164.77326
2023-03-16 16:00:00,24889.94,25167.4,24620.0,24953.21,75970.81647
2023-03-16 20:00:00,24953.21,25090.0,24623.52,24998.78,53307.2411
2023-03-17 00:00:00,24998.78,25896.0,24890.0,25781.66,92627.82966
2023-03-17 04:00:00,25781.66,26196.4,25656.0,26058.45,82998.31022
2023-03-17 08:00:00,26060.07,26970.0,25918.02,26918.73,122412.61854
2023-03-17 12:00:00,26920.11,26935.12,26118.19,26421.34,129230.31572
2023-03-17 16:00:00,26419.28,26860.66,26264.0,26834.87,93862.34173
2023-03-17 20:00:00,26834.87,27756.84,26588.38,27395.13,103329.26504
2023-03-18 00:00:00,27395.13,27724.85,27060.0,27307.54,81541.36167
2023-03-18 04:00:00,27306.57,27612.31,27212.56,27359.89,43190.10831
2023-03-18 08:00:00,27360.43,27500.0,27055.83,27443.09,48227.50229
2023-03-18 12:00:00,27443.09,27637.2,27057.0,27226.23,68303.82651
2023-03-18 16:00:00,27227.63,27489.94,26578.0,27329.83,84968.97465
2023-03-18 20:00:00,27329.14,27449.95,26810.0,26907.49,45007.19831
2023-03-19 00:00:00,26907.49,27255.19,26901.02,27198.71,36110.46659
2023-03-19 04:00:00,27198.71,27291.4,26827.22,26974.81,36337.34801
2023-03-19 08:00:00,26973.76,27200.0,26872.0,27160.98,41991.39588
2023-03-19 12:00:00,27162.33,27750.0,27110.12,27546.62,71743.09938
2023-03-19 16:00:00,27546.62,28376.0,27470.0,28255.87,113916.61398
2023-03-19 20:00:00,28255.35,28390.1,27738.0,27972.87,71968.0667
2023-03-20 00:00:00,27972.87,28057.44,27124.47,27269.17,78217.14607
2023-03-20 04:00:00,27269.18,28268.0,27141.36,28183.13,74108.85462
2023-03-20 08:00:00,28183.13,28472.0,27919.66,28188.93,101047.66229
2023-03-20 12:00:00,28188.95,28258.58,27620.0,27694.46,93832.37034
2023-03-20 16:00:00,27698.15,28041.48,27461.35,27785.1,82313.05852
2023-03-20 20:00:00,27784.57,28186.71,27577.02,27717.01,47859.14189
2023-03-21 00:00:00,27717.01,27953.33,27664.51,27787.29,50949.32902
2023-03-21 04:00:00,27787.29,27968.0,27303.1,27505.25,66335.07466
2023-03-21 08:00:00,27505.25,28177.0,27393.52,28040.13,82017.60625
2023-03-21 12:00:00,28040.13,28244.87,27730.0,28041.06,100474.3209
2023-03-21 16:00:00,28041.06,28438.55,27935.07,28126.84,84240.60599
2023-03-21 20:00:00,28126.85,28214.99,27900.0,28105.47,36912.80538
2023-03-22 00:00:00,28107.81,28280.0,27945.44,28154.14,37000.16051
2023-03-22 04:00:00,28154.14,28288.0,28028.24,28103.69,22588.25375
2023-03-22 08:00:00,28103.68,28213.23,28000.0,28122.74,16280.67428
2023-03-22 12:00:00,28122.73,28736.0,28105.35,28595.07,35677.15924
2023-03-22 16:00:00,28595.06,28868.05,26650.27,26667.33,84244.59506
2023-03-22 20:00:00,26668.8,27437.98,26601.8,27250.97,28322.57012
2023-03-23 00:00:00,27250.97,27428.69,27105.0,27356.78,13920.76715
2023-03-23 04:00:00,27356.79,27700.0,27258.0,27631.93,14310.97848
2023-03-23 08:00:00,27631.93,27738.27,27439.5,27584.53,11897.09818
2023-03-23 12:00:00,27584.52,28750.0,27275.92,28580.87,40190.57705
2023-03-23 16:00:00,28580.86,28647.05,27772.22,28369.99,34052.53912
2023-03-23 20:00:00,28369.82,28438.0,27967.93,28295.41,14277.6482
2023-03-24 00:00:00,28295.42,28374.3,28134.86,28219.98,8820.33865
2023-03-24 04:00:00,28219.98,28335.32,28102.15,28274.59,9065.12568
2023-03-24 08:00:00,28274.58,28295.72,27934.48,28080.0,14569.39777
2023-03-24 12:00:00,28079.99,28253.01,27835.0,28018.04,14181.52699
2023-03-24 16:00:00,28018.04,28059.63,27523.81,27821.6,20321.9705
2023-03-24 20:00:00,27821.59,27860.0,27000.0,27454.47,19283.70585
2023-03-25 00:00:00,27454.46,27658.2,27420.0,27581.65,7631.30004
2023-03-25 04:00:00,27581.65,27608.2,27375.9,27485.36,7176.48565
2023-03-25 08:00:00,27485.37,27537.79,27309.8,27457.2,7012.9894
2023-03-25 12:00:00,27457.19,27787.33,27357.14,27647.43,10741.6268
2023-03-25 16:00:00,27647.44,27730.0,27159.57,27189.68,11693.92908
2023-03-25 20:00:00,27189.69,27529.29,27156.09,27462.95,6587.75005
2023-03-26 00:00:00,27462.96,27650.0,27417.76,27529.26,5328.00445
2023-03-26 04:00:00,27529.27,27570.93,27462.15,27504.94,3807.16894
2023-03-26 08:00:00,27504.94,27915.08,27480.01,27865.95,8183.69994
2023-03-26 12:00:00,27865.96,28194.4,27695.0,27803.89,17696.05035
2023-03-26 16:00:00,27803.89,27934.57,27635.18,27827.95,5605.98308
2023-03-26 20:00:00,27827.95,28143.0,27670.71,27968.05,9050.79677
2023-03-27 00:00:00,27968.05,28023.86,27781.6,27888.68,6854.66298
2023-03-27 04:00:00,27888.68,27935.17,27666.0,27808.81,8855.5393
2023-03-27 08:00:00,27808.8,27996.28,27768.55,27892.69,7616.84015
2023-03-27 12:00:00,27892.69,27923.42,26508.14,26903.62,39066.20195
2023-03-27 16:00:00,26903.63,27313.42,26858.79,26968.94,16613.0284
2023-03-27 20:00:00,26968.93,27255.0,26877.82,27124.91,9033.1962
2023-03-28 00:00:00,27124.9,27176.05,26800.0,26971.71,11049.59827
2023-03-28 04:00:00,26971.71,27142.25,26872.11,26962.88,9458.87712
2023-03-28 08:00:00,26962.89,27155.38,26631.78,27057.36,15726.76618
2023-03-28 12:00:00,27057.36,27210.0,26835.31,26998.63,15937.25349
2023-03-28 16:00:00,26998.63,27520.0,26745.0,27425.99,18090.07394
2023-03-28 20:00:00,27425.98,27492.8,27095.66,27261.07,8339.87441
2023-03-29 00:00:00,27261.06,27479.36,27240.1,27367.45,7124.26009
2023-03-29 04:00:00,27367.44,28164.48,27349.68,28086.82,22445.56265
2023-03-29 08:00:00,28086.82,28650.0,28040.34,28353.99,23446.56936
2023-03-29 12:00:00,28354.0,28590.0,28230.85,28442.79,16417.40637
2023-03-29 16:00:00,28442.8,28448.68,28135.82,28419.49,11647.76233
2023-03-29 20:00:00,28419.49,28500.0,28211.0,28348.6,8404.59928
2023-03-30 00:00:00,28348.6,29184.68,28090.06,28489.18,28533.03962
2023-03-30 04:00:00,28489.19,28775.6,28442.79,28725.01,11891.4425
2023-03-30 08:00:00,28725.0,28748.76,28500.0,28644.79,10631.82494
2023-03-30 12:00:00,28644.79,28691.45,28169.5,28300.33,17202.57157
2023-03-30 16:00:00,28300.32,28301.01,27686.0,27986.09,20579.80879
2023-03-30 20:00:00,27986.1,28197.96,27786.66,28028.53,10026.74514
2023-03-31 00:00:00,28028.53,28375.0,27916.34,28168.41,11765.30998
2023-03-31 04:00:00,28168.41,28219.36,27511.71,27738.48,15529.91399
2023-03-31 08:00:00,27738.48,27992.05,27688.0,27927.97,10543.8057
2023-03-31 12:00:00,27927.97,28656.69,27870.93,28494.99,24322.41408
2023-03-31 16:00:00,28495.0,28541.18,28262.87,28469.31,9395.77884
2023-03-31 20:00:00,28469.31,28632.94,28337.46,28465.36,6640.8988
2023-04-01 00:00:00,28465.36,28819.71,28408.57,28541.1,7594.11361
2023-04-01 04:00:00,28541.1,28625.1,28351.35,28424.99,5673.20621
2023-04-01 08:00:00,28424.98,28485.11,28360.65,28372.85,4134.1087
2023-04-01 12:00:00,28372.84,28473.9,28220.27,28400.07,5187.63015
2023-04-01 16:00:00,28400.07,28443.04,28280.0,28381.98,3397.25326
2023-04-01 20:00:00,28381.97,28577.0,28379.63,28452.73,4252.1356
2023-04-02 00:00:00,28452.74,28530.0,28355.0,28476.59,3671.10292
2023-04-02 04:00:00,28476.58,28490.4,28381.54,28416.38,2774.33739
2023-04-02 08:00:00,28416.37,28450.9,28306.8,28357.93,3482.11028
2023-04-02 12:00:00,28357.93,28361.0,28037.59,28124.81,10410.79993
2023-04-02 16:00:00,28124.8,28229.9,27856.43,27943.85,9548.76463
2023-04-02 20:00:00,27943.84,28203.35,27858.29,28171.87,7478.54177
2023-04-03 00:00:00,28171.87,28182.17,27560.0,27753.85,11150.24369
2023-04-03 04:00:00,27753.85,27962.9,27588.0,27958.74,7740.46106
2023-04-03 08:00:00,27958.73,28500.99,27958.73,28253.73,16752.02691
2023-04-03 12:00:00,28253.73,28375.0,27945.19,28051.48,12843.96705
2023-04-03 16:00:00,28051.48,28238.53,27875.0,28081.08,10815.36454
2023-04-03 20:00:00,28081.08,28093.56,27200.24,27800.0,19877.9508
2023-04-04 00:00:00,27800.0,27965.0,27662.79,27855.06,7378.74569
2023-04-04 04:00:00,27855.06,28145.0,27775.37,28021.3,7401.39758
2023-04-04 08:00:00,28021.31,28444.44,27931.2,28289.52,11327.61021
2023-04-04 12:00:00,28289.51,28399.0,27947.59,28030.04,11827.84541
2023-04-04 16:00:00,28030.05,28260.0,27971.07,28189.25,6969.29766
2023-04-04 20:00:00,28189.25,28305.0,28078.63,28165.47,4817.66036
2023-04-05 00:00:00,28165.47,28775.0,28099.68,28544.72,14845.01269
2023-04-05 04:00:00,28544.73,28624.35,28455.0,28525.21,5559.92922
2023-04-05 08:00:00,28525.2,28600.0,28450.5,28554.38,5619.6494
2023-04-05 12:00:00,28554.37,28750.0,27860.0,28031.09,19633.382
2023-04-05 16:00:00,28031.09,28308.04,27805.1,28240.64,11011.74625
2023-04-05 20:00:00,28240.64,28300.0,28132.16,28170.01,4067.92776
2023-04-06 00:00:00,28170.01,28182.05,27878.6,28128.42,6441.25347
2023-04-06 04:00:00,28128.42,28130.0,27907.77,27910.97,4898.59822
2023-04-06 08:00:00,27910.97,28028.6,27711.0,27945.52,8497.72048
2023-04-06 12:00:00,27945.51,28181.05,27750.0,28090.39,10932.58337
2023-04-06 16:00:00,28090.39,28165.88,27950.9,28017.77,5293.83638
2023-04-06 20:00:00,28017.77,28121.87,27900.0,28033.82,4054.95771
2023-04-07 00:00:00,28033.83,28100.0,27926.52,28038.66,3144.63896
2023-04-07 04:00:00,28038.67,28062.73,27766.94,27839.78,4967.42754
2023-04-07 08:00:00,27839.79,27961.67,27785.0,27840.9,5563.5226
2023-04-07 12:00:00,27840.89,27984.75,27800.0,27944.1,5761.76975
2023-04-07 16:00:00,27944.09,27953.47,27856.0,27897.52,2550.36482
2023-04-07 20:00:00,27897.51,27980.74,27839.02,27906.33,2774.3702
2023-04-08 00:00:00,27906.34,28059.39,27859.02,28023.39,3614.73585
2023-04-08 04:00:00,28023.39,28154.99,27974.14,28086.22,4034.10068
2023-04-08 08:00:00,28086.22,28114.94,27990.57,28016.09,2664.16144
2023-04-08 12:00:00,28016.09,28057.0,27950.0,28014.7,3002.75065
2023-04-08 16:00:00,28014.71,28020.0,27872.11,27924.13,3619.71605
2023-04-08 20:00:00,27924.13,27987.41,27885.86,27938.38,2544.50268
2023-04-09 00:00:00,27938.38,28083.45,27924.9,28027.71,3682.55851
2023-04-09 04:00:00,28027.71,28067.46,27840.51,27903.02,5008.26881
2023-04-09 08:00:00,27903.01,27949.99,27800.0,27930.2,3470.02822
2023-04-09 12:00:00,27930.2,27973.39,27800.0,27891.91,3818.27012
2023-04-09 16:00:00,27891.91,28250.0,27876.68,28140.4,6527.39031
2023-04-09 20:00:00,28140.41,28530.0,28094.5,28323.76,10024.64504
2023-04-10 00:00:00,28323.76,28425.43,28244.18,28278.45,5372.26276
2023-04-10 04:00:00,28278.45,28325.43,28196.61,28284.57,4995.24453
2023-04-10 08:00:00,28284.57,28375.02,28275.01,28305.6,5234.32286
2023-04-10 12:00:00,28305.59,28575.04,28170.0,28439.38,10137.40167
2023-04-10 16:00:00,28439.39,29380.0,28356.51,29173.06,27035.28756
2023-04-10 20:00:00,29173.05,29770.0,29069.1,29637.34,14979.54282
2023-04-11 00:00:00,29637.35,30430.0,29590.0,30115.95,20828.19269
2023-04-11 04:00:00,30115.95,30169.14,29800.0,30106.89,10285.50672
2023-04-11 08:00:00,30106.9,30147.38,29974.0,30055.15,7339.48746
2023-04-11 12:00:00,30055.14,30280.0,29975.0,30194.22,11314.16156
2023-04-11 16:00:00,30194.23,30550.0,30040.0,30130.02,10970.16011
2023-04-11 20:00:00,30130.02,30274.19,29940.0,30200.42,7252.56767
2023-04-12 00:00:00,30200.43,30350.07,29811.82,29922.04,11394.97178
2023-04-12 04:00:00,29922.04,30070.42,29850.0,29987.0,6069.48422
2023-04-12 08:00:00,29986.99,30050.47,29895.98,30016.3,5584.43686
2023-04-12 12:00:00,30016.31,30486.0,29637.4,29964.02,26308.52652
2023-04-12 16:00:00,29964.03,30091.01,29760.13,29798.59,8528.50057
2023-04-12 20:00:00,29798.59,29979.74,29775.68,29888.07,4163.56456
2023-04-13 00:00:00,29888.07,30200.0,29854.59,30072.17,5485.41854
2023-04-13 04:00:00,30072.17,30128.59,29982.93,30068.6,5087.64391
2023-04-13 08:00:00,30068.6,30374.87,30039.0,30159.82,10749.49629
2023-04-13 12:00:00,30159.81,30595.0,30134.16,30441.43,14771.58975
2023-04-13 16:00:00,30441.43,30535.76,30262.4,30335.13,9458.03277
2023-04-13 20:00:00,30335.13,30394.7,30205.0,30373.84,6381.93605
2023-04-14 00:00:00,30373.84,30893.79,30310.03,30690.88,18523.2894
2023-04-14 04:00:00,30690.89,31000.0,30674.53,30733.72,11910.85727
2023-04-14 08:00:00,30733.73,30827.27,30657.14,30801.89,7627.76445
2023-04-14 12:00:00,30801.89,30850.0,30101.0,30237.89,19633.71604
2023-04-14 16:00:00,30237.88,30357.8,29966.0,30324.09,12230.50318
2023-04-14 20:00:00,30324.09,30522.07,30272.25,30466.93,6058.06418
2023-04-15 00:00:00,30466.93,30595.6,30278.08,30376.14,5746.9438
2023-04-15 04:00:00,30376.13,30467.92,30337.97,30433.3,4154.39976
2023-04-15 08:00:00,30433.29,30470.0,30364.7,30385.3,3667.82496
2023-04-15 12:00:00,30385.31,30444.0,30285.0,30325.27,4272.47036
2023-04-15 16:00:00,30325.27,30339.35,30202.0,30331.74,4726.84822
2023-04-15 20:00:00,30331.74,30360.19,30236.39,30295.09,2861.32537
2023-04-16 00:00:00,30295.1,30319.04,30120.0,30249.37,3384.26015
2023-04-16 04:00:00,30249.36,30399.4,30245.82,30344.97,2921.29461
2023-04-16 08:00:00,30344.97,30353.96,30220.4,30226.45,3645.14709
2023-04-16 12:00:00,30226.46,30362.0,30160.4,30332.98,4673.57527
2023-04-16 16:00:00,30332.98,30549.99,30259.69,30309.06,6879.44808
2023-04-16 20:00:00,30309.05,30407.98,30192.0,30304.65,4928.26802
2023-04-17 00:00:00,30304.66,30316.06,29740.64,29982.8,13105.03703
2023-04-17 04:00:00,29982.8,30007.56,29832.0,29838.3,5573.07492
2023-04-17 08:00:00,29838.3,29922.5,29366.0,29570.81,11957.93933
2023-04-17 12:00:00,29570.8,29593.14,29240.65,29358.31,13750.46214
2023-04-17 16:00:00,29358.3,29580.17,29330.85,29467.24,7312.65763
2023-04-17 20:00:00,29467.25,29536.93,29391.92,29430.27,4742.64022
2023-04-18 00:00:00,29430.27,29500.0,29096.78,29446.99,7340.04494
2023-04-18 04:00:00,29447.0,29803.0,29442.56,29775.62,8003.36187
2023-04-18 08:00:00,29775.61,30381.68,29693.1,30380.59,13941.09794
2023-04-18 12:00:00,30380.59,30485.0,30099.37,30184.86,16268.45181
2023-04-18 16:00:00,30184.85,30274.21,29945.58,30221.52,9976.92726
2023-04-18 20:00:00,30221.53,30450.0,30150.0,30380.01,6475.01052
2023-04-19 00:00:00,30380.01,30413.53,30126.0,30211.23,5329.7858
2023-04-19 04:00:00,30211.23,30325.51,29980.0,30077.76,7472.46844
2023-04-19 08:00:00,30077.76,30077.76,29000.0,29310.65,32617.02212
2023-04-19 12:00:00,29310.64,29500.0,29100.0,29260.44,12985.95001
2023-04-19 16:00:00,29260.43,29370.0,29080.0,29227.07,8902.9979
2023-04-19 20:00:00,29227.06,29315.61,28520.0,28797.1,19267.26229
2023-04-20 00:00:00,28797.1,29000.0,28549.0,28862.52,11329.84169
2023-04-20 04:00:00,28862.51,29088.3,28818.8,28869.66,7669.56391
2023-04-20 08:00:00,28869.66,28951.0,28590.0,28607.13,8737.40051
2023-04-20 12:00:00,28607.12,28978.69,28334.0,28506.69,18458.73713
2023-04-20 16:00:00,28506.7,28658.81,28010.0,28104.38,21464.77891
2023-04-20 20:00:00,28104.38,28365.5,28012.0,28243.65,9218.77157
2023-04-21 00:00:00,28243.65,28374.02,28090.0,28321.41,7136.4826
2023-04-21 04:00:00,28321.42,28348.0,27815.89,28155.03,14964.65602
2023-04-21 08:00:00,28155.02,28237.3,27919.69,28066.21,9486.35341
2023-04-21 12:00:00,28066.22,28308.45,27962.65,28040.7,14095.50499
2023-04-21 16:00:00,28040.7,28090.54,27184.54,27279.91,20779.11295
2023-04-21 20:00:00,27279.9,27409.62,27125.0,27262.84,11222.65793
2023-04-22 00:00:00,27262.84,27367.77,27140.35,27322.16,5410.17958
2023-04-22 04:00:00,27322.15,27397.63,27225.0,27277.76,4190.23201
2023-04-22 08:00:00,27277.75,27324.58,27184.24,27286.65,4851.36968
2023-04-22 12:00:00,27286.65,27562.17,27231.0,27488.93,6866.08949
2023-04-22 16:00:00,27488.93,27804.38,27484.63,27622.61,8389.52746
2023-04-22 20:00:00,27622.61,27882.72,27566.91,27816.85,6316.29864
2023-04-23 00:00:00,27816.85,27816.85,27415.56,27557.84,6582.80343
2023-04-23 04:00:00,27557.83,27751.47,27531.85,27718.9,4072.92515
2023-04-23 08:00:00,27718.89,27777.0,27482.79,27642.9,5189.51221
2023-04-23 12:00:00,27642.89,27735.25,27311.25,27474.47,5943.17948
2023-04-23 16:00:00,27474.47,27689.83,27330.0,27465.77,8237.43783
2023-04-23 20:00:00,27465.78,27650.28,27402.88,27590.6,4786.23771
2023-04-24 00:00:00,27590.59,28000.0,27427.3,27790.48,8178.33983
2023-04-24 04:00:00,27790.49,27800.0,27350.0,27451.97,6200.98667
2023-04-24 08:00:00,27451.98,27553.24,27157.14,27550.84,10313.90924
2023-04-24 12:00:00,27550.83,27720.57,27200.0,27267.05,11420.22805
2023-04-24 16:00:00,27267.06,27579.8,26942.82,27383.29,12309.41846
2023-04-24 20:00:00,27383.28,27560.73,27320.47,27510.93,4688.68649
2023-04-25 00:00:00,27510.93,27590.28,27313.74,27345.72,5310.06861
2023-04-25 04:00:00,27345.71,27459.58,27240.8,27266.54,5140.31121
2023-04-25 08:00:00,27266.54,27443.63,27192.0,27390.96,6631.97649
2023-04-25 12:00:00,27390.96,27482.71,27199.17,27345.0,8847.60442
2023-04-25 16:00:00,27345.0,27790.19,27316.2,27611.4,10129.47641
2023-04-25 20:00:00,27611.39,28399.99,27611.01,28300.79,16265.70923
2023-04-26 00:00:00,28300.8,28481.0,28244.62,28309.1,9794.44476
2023-04-26 04:00:00,28309.09,28599.0,28301.05,28376.18,8441.48637
2023-04-26 08:00:00,28376.19,29138.83,28371.99,28952.32,21338.25434
2023-04-26 12:00:00,28952.31,30036.0,28952.31,29820.03,29557.57382
2023-04-26 16:00:00,29820.02,29900.0,27694.06,27884.24,27955.54863
2023-04-26 20:00:00,27884.25,28739.99,27235.0,28415.29,32141.09611
2023-04-27 00:00:00,28415.29,29480.5,28378.86,28885.79,22447.76067
2023-04-27 04:00:00,28885.78,29278.88,28632.25,28893.83,12428.75979
2023-04-27 08:00:00,28893.84,29139.85,28780.45,28934.21,11084.1798
2023-04-27 12:00:00,28934.21,29555.0,28661.58,29149.73,17936.04093
2023-04-27 16:00:00,29149.74,29890.0,29013.44,29673.98,20847.10485
2023-04-27 20:00:00,29673.98,29783.15,29255.53,29472.77,10686.97827
2023-04-28 00:00:00,29472.77,29599.54,29330.0,29420.52,9071.8883
2023-04-28 04:00:00,29420.52,29566.92,29396.89,29488.83,7539.59531
2023-04-28 08:00:00,29488.83,29495.34,29137.76,29235.36,9546.8493
2023-04-28 12:00:00,29235.36,29467.36,28891.0,29146.89,16054.08157
2023-04-28 16:00:00,29146.88,29437.81,29101.28,29328.53,8039.55295
2023-04-28 20:00:00,29328.53,29429.36,29276.75,29311.7,4046.19835
2023-04-29 00:00:00,29311.69,29400.0,29195.58,29345.74,4266.76284
2023-04-29 04:00:00,29345.75,29448.88,29289.44,29345.54,3485.37764
2023-04-29 08:00:00,29345.54,29360.0,29234.39,29332.11,3230.99493
2023-04-29 12:00:00,29332.11,29393.39,29210.24,29271.21,3619.27524
2023-04-29 16:00:00,29271.21,29309.05,29031.0,29240.67,3877.98484
2023-04-29 20:00:00,29240.68,29265.0,29138.25,29230.45,1986.43509
2023-04-30 00:00:00,29230.45,29230.49,29079.59,29178.87,2342.26797
2023-04-30 04:00:00,29178.88,29295.96,29171.22,29266.43,2111.33452
2023-04-30 08:00:00,29266.43,29348.31,29160.53,29197.01,2785.88414
2023-04-30 12:00:00,29197.02,29969.39,29182.74,29655.18,12772.70758
2023-04-30 16:00:00,29655.18,29870.22,29211.28,29361.13,12470.01847
2023-04-30 20:00:00,29361.13,29486.5,29160.96,29233.21,7270.32452
2023-05-01 00:00:00,29233.2,29337.34,28369.95,28561.06,15966.85068
2023-05-01 04:00:00,28561.07,28713.94,28250.15,28629.09,8593.24272
2023-05-01 08:00:00,28629.08,28670.1,28487.42,28523.86,4839.78726
2023-05-01 12:00:00,28523.85,28629.42,28075.36,28170.64,12056.92682
2023-05-01 16:00:00,28170.64,28410.95,27799.99,27843.36,14168.83144
2023-05-01 20:00:00,27843.35,28159.26,27666.95,28068.26,8808.02066
2023-05-02 00:00:00,28068.26,28145.6,27918.49,28043.76,5134.45129
2023-05-02 04:00:00,28043.75,28164.55,27872.0,28057.47,4237.79005
2023-05-02 08:00:00,28057.47,28133.33,27939.4,28084.83,5040.42695
2023-05-02 12:00:00,28084.83,28767.08,27910.0,28540.68,20134.60393
2023-05-02 16:00:00,28540.69,28879.88,28431.48,28686.14,10323.68451
2023-05-02 20:00:00,28686.13,28815.43,28616.08,28669.86,5953.56567
2023-05-03 00:00:00,28669.85,28689.35,28336.3,28520.9,6054.38189
2023-05-03 04:00:00,28520.89,28680.0,28427.56,28653.8,5308.0261
2023-05-03 08:00:00,28653.81,28767.93,28526.18,28543.74,6103.80959
2023-05-03 12:00:00,28543.73,28583.33,28113.69,28311.51,13681.91671
2023-05-03 16:00:00,28311.52,28800.0,28211.08,28322.98,19116.3162
2023-05-03 20:00:00,28322.97,29266.66,28285.19,29026.16,14351.34164
2023-05-04 00:00:00,29026.16,29195.94,28950.98,29096.86,6023.39211
2023-05-04 04:00:00,29096.85,29237.73,29038.31,29058.19,5854.55975
2023-05-04 08:00:00,29058.2,29379.83,28982.58,29154.66,6802.18312
2023-05-04 12:00:00,29154.65,29232.87,28663.64,28866.19,13921.52127
2023-05-04 16:00:00,28866.2,28972.92,28673.59,28895.12,6804.94862
2023-05-04 20:00:00,28895.31,28920.0,28748.0,28838.16,3168.87014
2023-05-05 00:00:00,28838.16,29531.0,28819.77,29198.23,11947.31875
2023-05-05 04:00:00,29198.22,29275.0,29029.87,29062.29,7022.92515
2023-05-05 08:00:00,29062.29,29195.97,29022.27,29149.36,5306.30763
2023-05-05 12:00:00,29149.36,29439.99,28800.0,29356.45,16673.08266
2023-05-05 16:00:00,29356.44,29677.0,29315.78,29561.66,13062.47594
2023-05-05 20:00:00,29561.66,29650.0,29450.69,29505.61,4403.72035
2023-05-06 00:00:00,29505.6,29820.0,29337.83,29353.61,8317.65484
2023-05-06 04:00:00,29353.62,29437.01,29250.65,29363.35,4244.22179
2023-05-06 08:00:00,29363.34,29367.2,29132.14,29266.15,7223.00274
2023-05-06 12:00:00,29266.16,29267.24,28300.0,28576.61,17920.04251
2023-05-06 16:00:00,28576.62,28964.68,28535.26,28842.82,7823.22553
2023-05-06 20:00:00,28842.82,28880.49,28642.0,28848.2,3721.13718
2023-05-07 00:00:00,28848.19,29138.29,28744.08,28798.56,6222.87665
2023-05-07 04:00:00,28798.57,28952.56,28787.02,28910.41,3568.17865
2023-05-07 08:00:00,28910.42,28960.03,28705.12,28840.06,4273.23723
2023-05-07 12:00:00,28840.07,29095.88,28840.0,28942.67,5289.32095
2023-05-07 16:00:00,28942.66,29029.11,28770.69,28907.73,4257.69952
2023-05-07 20:00:00,28907.73,28952.87,28395.23,28430.1,6392.09728
2023-05-08 00:00:00,28430.09,28631.01,28004.23,28199.71,14859.1196
2023-05-08 04:00:00,28199.72,28262.19,27830.85,27975.48,8390.05014
2023-05-08 08:00:00,27975.47,27989.11,27577.01,27934.09,12536.98963
2023-05-08 12:00:00,27934.09,28082.14,27669.5,27887.58,11265.19598
2023-05-08 16:00:00,27887.58,27930.21,27289.39,27340.72,15387.57351
2023-05-08 20:00:00,27340.72,27699.8,27262.0,27668.79,5805.43293
2023-05-09 00:00:00,27668.8,27749.34,27534.55,27629.34,6065.10248
2023-05-09 04:00:00,27629.35,27673.72,27437.32,27666.64,6284.15386
2023-05-09 08:00:00,27666.63,27728.99,27517.7,27678.31,6095.98208
2023-05-09 12:00:00,27678.31,27818.0,27370.01,27400.39,10521.56892
2023-05-09 16:00:00,27400.39,27750.0,27353.0,27716.32,7606.46136
2023-05-09 20:00:00,27716.32,27775.18,27521.49,27628.27,3540.04199
2023-05-10 00:00:00,27628.28,27849.94,27620.19,27685.29,5494.08267
2023-05-10 04:00:00,27685.29,27720.97,27529.88,27542.26,4166.55679
2023-05-10 08:00:00,27542.26,27679.1,27474.91,27677.09,4341.29032
2023-05-10 12:00:00,27677.08,28331.42,27635.81,28153.2,20173.02813
2023-05-10 16:00:00,28153.21,28299.15,26777.0,27692.26,27681.52219
2023-05-10 20:00:00,27692.27,27982.23,27219.0,27598.75,9298.63345
2023-05-11 00:00:00,27598.74,27622.68,27367.76,27446.9,5751.34688
2023-05-11 04:00:00,27446.9,27553.21,27395.88,27450.07,4068.24392
2023-05-11 08:00:00,27450.07,27490.29,27257.98,27405.61,5364.94429
2023-05-11 12:00:00,27405.62,27630.14,26952.0,27179.42,14153.77268
2023-05-11 16:00:00,27179.43,27219.52,26702.05,26843.05,13568.21685
2023-05-11 20:00:00,26843.06,27060.47,26807.22,26968.62,4728.78903
2023-05-12 00:00:00,26968.61,27091.12,26528.01,26584.32,9615.45856
2023-05-12 04:00:00,26584.33,26710.0,26120.74,26311.52,15964.27071
2023-05-12 08:00:00,26311.51,26437.0,26234.79,26348.01,6428.01795
2023-05-12 12:00:00,26348.02,26614.67,26271.65,26320.84,10467.89536
2023-05-12 16:00:00,26320.83,26500.0,25811.46,26459.62,13923.67108
2023-05-12 20:00:00,26459.63,26894.9,26360.85,26795.01,10808.62128
2023-05-13 00:00:00,26795.01,26983.98,26692.03,26808.27,5326.73837
2023-05-13 04:00:00,26808.27,26870.19,26695.41,26771.88,3324.74278
2023-05-13 08:00:00,26771.87,26877.0,26746.53,26823.94,2880.66763
2023-05-13 12:00:00,26823.93,26904.98,26736.0,26816.25,3969.69792
2023-05-13 16:00:00,26816.25,27045.45,26757.32,26837.94,4607.2156
2023-05-13 20:00:00,26837.93,26939.4,26750.0,26775.28,2705.84191
2023-05-14 00:00:00,26775.27,26874.42,26560.53,26865.03,4054.69409
2023-05-14 04:00:00,26865.04,26898.87,26793.53,26855.21,1996.19316
2023-05-14 08:00:00,26855.22,26886.73,26790.02,26805.98,2360.00891
2023-05-14 12:00:00,26805.97,27200.0,26744.7,27082.02,6476.4122
2023-05-14 16:00:00,27082.01,27135.04,26827.23,26878.97,4269.87056
2023-05-14 20:00:00,26878.96,26961.55,26842.57,26917.62,2437.62468
2023-05-15 00:00:00,26917.61,27290.93,26726.0,27232.8,8804.15424
2023-05-15 04:00:00,27232.8,27550.03,27180.01,27407.48,9336.327
2023-05-15 08:00:00,27407.47,27485.5,27315.55,27336.12,4994.35313
2023-05-15 12:00:00,27336.12,27534.0,27221.2,27396.8,6016.97493
2023-05-15 16:00:00,27396.81,27663.59,27317.9,27418.24,7697.17284
2023-05-15 20:00:00,27418.24,27418.24,27126.73,27162.14,3581.10119
2023-05-16 00:00:00,27162.15,27296.89,26852.11,27130.0,7412.18425
2023-05-16 04:00:00,27130.02,27252.59,26993.71,27252.58,4084.89688
2023-05-16 08:00:00,27252.58,27286.08,26987.02,27059.03,6519.02741
2023-05-16 12:00:00,27059.03,27137.69,26900.0,27038.02,7185.69731
2023-05-16 16:00:00,27038.01,27151.51,26880.0,26933.05,5291.70789
2023-05-16 20:00:00,26933.06,27049.74,26897.34,27033.84,2776.94077
2023-05-17 00:00:00,27033.85,27238.55,26982.93,27060.04,4465.66046
2023-05-17 04:00:00,27060.05,27100.0,26760.0,26845.14,5043.29563
2023-05-17 08:00:00,26845.14,26914.3,26573.62,26637.62,7683.56934
2023-05-17 12:00:00,26637.61,26836.06,26544.71,26796.93,8211.97472
2023-05-17 16:00:00,26796.93,27447.29,26741.36,27385.09,11344.69624
2023-05-17 20:00:00,27385.09,27500.0,27274.45,27405.61,6209.78146
2023-05-18 00:00:00,27405.62,27485.33,27286.58,27365.69,4794.02065
2023-05-18 04:00:00,27365.69,27454.14,27152.29,27391.61,5687.90418
2023-05-18 08:00:00,27391.61,27440.01,27334.02,27398.97,4932.72046
2023-05-18 12:00:00,27398.97,27472.14,27021.95,27086.77,11379.91575
2023-05-18 16:00:00,27086.78,27118.36,26361.2,26734.01,17649.2143
2023-05-18 20:00:00,26734.01,27065.27,26691.2,26821.28,4754.87609
2023-05-19 00:00:00,26821.28,26929.04,26749.33,26834.73,3284.92163
2023-05-19 04:00:00,26834.73,26960.24,26812.03,26851.38,3895.84769
2023-05-19 08:00:00,26851.39,26926.61,26790.72,26855.89,3835.92219
2023-05-19 12:00:00,26855.9,27183.6,26630.0,26883.65,10729.53517
2023-05-19 16:00:00,26883.65,26973.56,26780.73,26834.46,5009.72566
2023-05-19 20:00:00,26834.47,26921.21,26807.73,26880.26,1998.1831
2023-05-20 00:00:00,26880.26,26908.42,26825.11,26865.58,1482.13696
2023-05-20 04:00:00,26865.59,26873.63,26835.1,26854.98,1564.32919
2023-05-20 08:00:00,26854.98,26917.38,26854.97,26880.06,1835.86678
2023-05-20 12:00:00,26880.05,26976.0,26875.51,26945.66,2592.17838
2023-05-20 16:00:00,26945.67,27150.0,26913.25,27063.03,4920.8158
2023-05-20 20:00:00,27063.04,27129.36,26967.18,27102.43,2039.22007
2023-05-21 00:00:00,27102.42,27277.55,27063.09,27176.22,3192.89918
2023-05-21 04:00:00,27176.22,27176.22,27047.88,27054.99,2189.06207
2023-05-21 08:00:00,27055.0,27085.81,26776.23,26829.94,5097.44885
2023-05-21 12:00:00,26829.93,26977.0,26803.58,26898.97,4298.7889
2023-05-21 16:00:00,26898.97,26933.33,26832.98,26902.12,2779.63268
2023-05-21 20:00:00,26902.13,26926.29,26666.03,26747.78,3790.04111
2023-05-22 00:00:00,26747.78,26779.54,26538.21,26644.8,5217.78929
2023-05-22 04:00:00,26644.8,26913.14,26643.12,26843.13,4019.96121
2023-05-22 08:00:00,26843.12,26900.0,26767.34,26826.78,2625.2567
2023-05-22 12:00:00,26826.79,27099.89,26702.91,26877.18,8413.07143
2023-05-22 16:00:00,26877.17,26930.0,26781.99,26862.43,4148.42459
2023-05-22 20:00:00,26862.43,26959.52,26833.21,26849.27,2034.33506
2023-05-23 00:00:00,26849.28,27442.03,26798.11,27366.67,11734.74573
2023-05-23 04:00:00,27366.67,27495.83,27205.01,27304.4,9379.21247
2023-05-23 08:00:00,27304.4,27349.0,27250.32,27337.36,4034.79813
2023-05-23 12:00:00,27337.36,27386.26,27175.19,27320.05,5982.18313
2023-05-23 16:00:00,27320.04,27328.48,27100.79,27181.22,4947.99802
2023-05-23 20:00:00,27181.23,27249.38,27151.38,27219.61,2621.9011
2023-05-24 00:00:00,27219.61,27219.61,26649.88,26786.0,8310.29731
2023-05-24 04:00:00,26786.01,26830.42,26613.0,26678.67,7316.11741
2023-05-24 08:00:00,26678.67,26839.02,26670.0,26742.24,5232.44209
2023-05-24 12:00:00,26742.25,26742.25,26080.5,26314.69,19023.6564
2023-05-24 16:00:00,26314.69,26397.64,26159.97,26252.33,8949.56603
2023-05-24 20:00:00,26252.34,26486.46,26242.62,26329.01,5560.98646
2023-05-25 00:00:00,26329.0,26394.37,25871.89,26183.72,8738.553
2023-05-25 04:00:00,26183.73,26300.0,26126.76,26131.27,4175.09584
2023-05-25 08:00:00,26131.27,26335.16,26128.37,26296.62,4349.74729
2023-05-25 12:00:00,26296.61,26499.99,26168.6,26226.12,9538.70156
2023-05-25 16:00:00,26226.12,26631.98,26207.47,26468.68,7740.72317
2023-05-25 20:00:00,26468.67,26551.02,26432.46,26473.79,2892.62809
2023-05-26 00:00:00,26473.8,26539.34,26350.0,26435.14,4447.14298
2023-05-26 04:00:00,26435.14,26534.05,26327.24,26501.33,3969.78034
2023-05-26 08:00:00,26501.34,26549.0,26423.62,26463.29,5035.26395
2023-05-26 12:00:00,26463.29,26932.16,26355.81,26750.21,12837.29542
2023-05-26 16:00:00,26750.22,26837.34,26610.49,26767.21,6306.29004
2023-05-26 20:00:00,26767.22,26807.5,26686.0,26705.92,2465.4144
2023-05-27 00:00:00,26705.93,26782.73,26633.0,26752.0,2670.95052
2023-05-27 04:00:00,26752.0,26786.51,26710.0,26722.8,2156.5994
2023-05-27 08:00:00,26722.8,26732.66,26666.37,26699.02,2242.83881
2023-05-27 12:00:00,26699.02,26777.77,26551.0,26690.05,3174.31189
2023-05-27 16:00:00,26690.06,26846.0,26620.35,26729.6,2781.7237
2023-05-27 20:00:00,26729.6,26895.0,26726.01,26854.27,2069.26238
2023-05-28 00:00:00,26854.28,27247.1,26764.36,27187.23,8004.20461
2023-05-28 04:00:00,27187.24,27285.52,27128.41,27226.37,5618.39448
2023-05-28 08:00:00,27226.38,27344.23,27136.01,27153.76,4114.67614
2023-05-28 12:00:00,27153.76,27280.0,27100.02,27272.17,4058.9424
2023-05-28 16:00:00,27272.17,27746.33,27212.91,27525.99,10140.27075
2023-05-28 20:00:00,27525.99,28261.32,27525.99,28065.0,11979.52017
2023-05-29 00:00:00,28065.01,28447.14,27914.28,27954.99,12178.46709
2023-05-29 04:00:00,27954.99,28047.01,27841.0,27907.87,6651.3647
2023-05-29 08:00:00,27907.86,27971.01,27745.78,27913.87,5028.062
2023-05-29 12:00:00,27913.87,27949.7,27588.0,27630.51,7542.99192
2023-05-29 16:00:00,27630.5,27737.99,27524.6,27637.94,7602.66189
2023-05-29 20:00:00,27637.94,27818.0,27554.57,27736.4,3381.87185
2023-05-30 00:00:00,27736.39,27940.55,27584.45,27829.23,4057.20611
2023-05-30 04:00:00,27829.23,27848.28,27672.93,27733.22,3551.68079
2023-05-30 08:00:00,27733.22,28038.59,27712.19,28021.4,6468.5174
2023-05-30 12:00:00,28021.39,28027.78,27615.0,27673.08,9424.08758
2023-05-30 16:00:00,27673.08,27862.84,27554.0,27850.2,5809.72829
2023-05-30 20:00:00,27850.21,27855.13,27651.17,27694.4,3375.53354
2023-05-31 00:00:00,27694.39,27835.51,27571.04,27657.3,4589.66625
2023-05-31 04:00:00,27657.29,27677.67,26968.49,27167.9,14852.80264
2023-05-31 08:00:00,27167.91,27203.73,26994.33,27097.18,7051.71041
2023-05-31 12:00:00,27097.18,27231.34,26851.0,26911.54,10524.42883
2023-05-31 16:00:00,26911.55,27123.43,26839.01,27010.57,5607.89699
2023-05-31 20:00:00,27010.57,27299.99,27005.16,27210.35,3962.30061
2023-06-01 00:00:00,27210.36,27350.0,26605.05,26779.94,11213.18795
2023-06-01 04:00:00,26779.93,26883.6,26746.0,26802.67,4613.77433
2023-06-01 08:00:00,26802.66,26951.07,26790.96,26892.96,4275.56782
2023-06-01 12:00:00,26892.95,26981.34,26782.53,26894.48,6481.67546
2023-06-01 16:00:00,26894.47,27175.0,26656.0,26862.68,8974.24713
2023-06-01 20:00:00,26862.68,26942.98,26713.34,26817.93,3659.35611
2023-06-02 00:00:00,26817.93,27017.0,26505.0,27000.0,7016.0416
2023-06-02 04:00:00,27000.01,27213.0,26949.4,27049.65,6856.64454
2023-06-02 08:00:00,27049.65,27183.07,27049.38,27130.75,3577.11
2023-06-02 12:00:00,27130.75,27240.0,26860.71,27095.92,9100.69076
2023-06-02 16:00:00,27095.93,27287.64,27006.22,27239.02,6294.35686
2023-06-02 20:00:00,27239.03,27300.0,27143.37,27242.59,3536.05893
2023-06-03 00:00:00,27242.59,27242.6,27092.0,27143.2,2715.88602
2023-06-03 04:00:00,27143.2,27212.78,27105.73,27174.42,1822.46448
2023-06-03 08:00:00,27174.42,27181.0,27112.73,27129.79,2020.98723
2023-06-03 12:00:00,27129.78,27333.29,27126.85,27305.26,3088.32066
2023-06-03 16:00:00,27305.27,27318.63,27025.59,27096.36,4087.75798
2023-06-03 20:00:00,27096.37,27124.68,26914.93,27069.22,2859.9248
2023-06-04 00:00:00,27069.22,27100.43,26951.0,27061.38,2017.63875
2023-06-04 04:00:00,27061.37,27163.94,27027.0,27150.45,2458.23876
2023-06-04 08:00:00,27150.46,27249.86,27123.81,27198.55,2737.05084
2023-06-04 12:00:00,27198.54,27298.0,27160.11,27179.0,3447.67191
2023-06-04 16:00:00,27179.0,27222.0,27155.0,27213.11,1986.61888
2023-06-04 20:00:00,27213.11,27455.02,27043.65,27115.21,6611.19135
2023-06-05 00:00:00,27115.2,27129.33,26791.04,26843.58,6449.76559
2023-06-05 04:00:00,26843.57,26870.54,26740.38,26829.99,5422.13247
2023-06-05 08:00:00,26830.0,26840.77,26668.0,26773.39,4723.46593
2023-06-05 12:00:00,26773.39,26817.61,26000.0,26007.53,14719.7066
2023-06-05 16:00:00,26007.53,26074.51,25388.0,25629.99,27456.05814
2023-06-05 20:00:00,25630.0,25858.42,25509.98,25728.2,7034.47432
2023-06-06 00:00:00,25728.2,25801.09,25601.0,25730.83,5737.28976
2023-06-06 04:00:00,25730.83,25821.41,25706.18,25722.33,4562.45045
2023-06-06 08:00:00,25722.34,25797.0,25640.33,25686.64,4705.4168
2023-06-06 12:00:00,25686.64,26143.69,25351.02,26066.11,18580.6297
2023-06-06 16:00:00,26066.12,27216.89,26066.11,27080.13,21954.76955
2023-06-06 20:00:00,27080.12,27355.33,26857.92,27230.08,12852.04812
2023-06-07 00:00:00,27230.07,27391.77,26720.47,26909.01,11374.06381
2023-06-07 04:00:00,26909.01,26980.04,26753.01,26795.87,5395.14109
2023-06-07 08:00:00,26795.87,26968.0,26352.0,26896.14,12299.41041
2023-06-07 12:00:00,26896.14,26932.1,26236.0,26349.52,16129.1175
2023-06-07 16:00:00,26349.52,26553.78,26240.47,26482.42,7669.83392
2023-06-07 20:00:00,26482.43,26493.3,26125.01,26339.34,6751.87691
2023-06-08 00:00:00,26339.34,26470.0,26210.0,26344.17,5218.61987
2023-06-08 04:00:00,26344.16,26523.93,26290.19,26444.69,3725.37329
2023-06-08 08:00:00,26444.68,26504.94,26368.04,26432.0,3204.5364
2023-06-08 12:00:00,26432.01,26810.0,26300.0,26721.68,10657.94023
2023-06-08 16:00:00,26721.69,26732.24,26414.02,26539.9,5458.16496
2023-06-08 20:00:00,26539.86,26649.97,26488.01,26498.61,2810.87608
2023-06-09 00:00:00,26498.62,26596.58,26269.91,26483.7,5322.52752
2023-06-09 04:00:00,26483.69,26576.55,26424.35,26493.43,3615.92481
2023-06-09 08:00:00,26493.44,26685.43,26491.66,26610.19,4887.18214
2023-06-09 12:00:00,26610.18,26783.33,26452.86,26477.37,7205.6206
2023-06-09 16:00:00,26477.36,26529.54,26383.05,26407.15,4445.40191
2023-06-09 20:00:00,26407.15,26500.0,26397.11,26477.81,2458.05272
2023-06-10 00:00:00,26477.8,26533.87,26266.0,26323.07,5021.65979
2023-06-10 04:00:00,26323.07,26349.17,25456.41,25651.09,28094.05597
2023-06-10 08:00:00,25651.08,25750.25,25561.25,25731.4,7165.46892
2023-06-10 12:00:00,25731.41,25731.41,25572.94,25628.8,5268.77063
2023-06-10 16:00:00,25628.81,26154.0,25358.0,25750.0,14974.92299
2023-06-10 20:00:00,25750.01,25932.02,25679.59,25841.21,4419.72278
2023-06-11 00:00:00,25841.22,25864.32,25695.0,25727.51,4218.10619
2023-06-11 04:00:00,25727.51,25834.59,25634.7,25741.33,3668.97441
2023-06-11 08:00:00,25741.32,25842.44,25695.0,25796.06,3776.68664
2023-06-11 12:00:00,25796.05,25806.11,25672.68,25751.36,4082.10621
2023-06-11 16:00:00,25751.36,26106.66,25738.07,26030.89,8314.30254
2023-06-11 20:00:00,26030.89,26206.88,25745.03,25925.55,5954.11996
2023-06-12 00:00:00,25925.54,26028.5,25602.11,25791.29,6665.93933
2023-06-12 04:00:00,25791.29,25905.63,25744.06,25802.98,3896.06919
2023-06-12 08:00:00,25802.97,26106.48,25780.0,25988.83,5833.76222
2023-06-12 12:00:00,25988.82,25993.6,25734.47,25824.63,5467.66761
2023-06-12 16:00:00,25824.63,25966.18,25652.04,25824.23,5214.5963
2023-06-12 20:00:00,25824.23,25970.05,25804.3,25905.19,2822.47428
2023-06-13 00:00:00,25905.2,26157.99,25818.07,26063.85,6646.9644
2023-06-13 04:00:00,26063.85,26133.03,25973.7,26073.92,3654.18194
2023-06-13 08:00:00,26073.91,26272.25,26060.77,26191.81,7274.19395
2023-06-13 12:00:00,26191.81,26433.21,25712.57,25759.54,15947.44516
2023-06-13 16:00:00,25759.54,25978.37,25739.38,25902.84,4582.14533
2023-06-13 20:00:00,25902.83,25959.26,25808.1,25934.25,2960.67775
2023-06-14 00:00:00,25934.24,26055.99,25911.6,25985.07,3250.7713
2023-06-14 04:00:00,25985.06,26005.36,25837.13,25897.72,3115.6103
2023-06-14 08:00:00,25897.71,26028.58,25885.35,25975.71,3129.69928
2023-06-14 12:00:00,25975.71,26085.33,25927.22,25986.75,4693.52887
2023-06-14 16:00:00,25986.74,26098.0,25753.38,25874.59,8531.61707
2023-06-14 20:00:00,25874.58,25879.69,24820.56,25128.6,22356.08926
2023-06-15 00:00:00,25128.6,25206.52,25030.01,25065.35,4255.38633
2023-06-15 04:00:00,25065.35,25072.35,24872.35,24983.8,7733.13657
2023-06-15 08:00:00,24983.81,25050.0,24800.0,25014.97,8784.77975
2023-06-15 12:00:00,25014.97,25108.54,24921.11,24959.95,8435.0323
2023-06-15 16:00:00,24959.96,25518.49,24929.0,25455.49,9617.56919
2023-06-15 20:00:00,25455.49,25759.01,25220.25,25598.49,9838.95649
2023-06-16 00:00:00,25598.49,25606.59,25440.39,25561.74,3915.20068
2023-06-16 04:00:00,25561.75,25629.73,25475.84,25537.01,4070.48779
2023-06-16 08:00:00,25537.0,25624.38,25462.03,25474.51,5108.24521
2023-06-16 12:00:00,25474.51,25896.78,25175.56,25840.01,12940.05194
2023-06-16 16:00:00,25840.0,26518.0,25774.02,26382.43,20866.29228
2023-06-16 20:00:00,26382.43,26464.58,26287.97,26345.0,4696.63872
2023-06-17 00:00:00,26345.01,26372.4,26181.0,26262.16,3497.08278
2023-06-17 04:00:00,26262.17,26839.99,26246.0,26593.57,9565.95016
2023-06-17 08:00:00,26593.58,26657.09,26473.5,26507.76,4665.11979
2023-06-17 12:00:00,26507.75,26585.48,26311.0,26410.82,5426.02563
2023-06-17 16:00:00,26410.82,26538.37,26378.95,26475.3,2713.13332
2023-06-17 20:00:00,26475.31,26595.13,26465.42,26516.99,1974.90782
2023-06-18 00:00:00,26516.99,26548.63,26378.98,26548.45,2397.66907
2023-06-18 04:00:00,26548.46,26680.0,26472.03,26584.98,4069.09898
2023-06-18 08:00:00,26584.99,26596.0,26456.83,26500.0,2525.69386
2023-06-18 12:00:00,26500.0,26573.35,26444.0,26562.09,3559.38335
2023-06-18 16:00:00,26562.09,26657.99,26525.99,26650.0,2834.3115
2023-06-18 20:00:00,26650.01,26700.0,26255.85,26339.97,6152.15346
2023-06-19 00:00:00,26339.98,26469.58,26256.61,26403.36,2818.66359
2023-06-19 04:00:00,26403.36,26478.87,26369.0,26428.01,2925.34742
2023-06-19 08:00:00,26428.0,26459.18,26364.4,26447.73,2824.90303
2023-06-19 12:00:00,26447.73,26576.87,26348.01,26444.0,5446.90953
2023-06-19 16:00:00,26443.99,27068.09,26308.45,26682.28,16596.08384
2023-06-19 20:00:00,26682.29,26859.36,26652.19,26844.35,5260.75233
2023-06-20 00:00:00,26844.35,27179.03,26798.68,26896.52,7510.40809
2023-06-20 04:00:00,26896.53,27033.24,26755.0,26832.44,5125.51154
2023-06-20 08:00:00,26832.45,26912.0,26702.47,26907.99,4550.36223
2023-06-20 12:00:00,26907.99,27134.73,26652.0,27071.93,8935.82439
2023-06-20 16:00:00,27071.94,28140.0,27001.73,27982.77,30469.11578
2023-06-20 20:00:00,27982.77,28402.74,27872.0,28307.99,13075.73322
2023-06-21 00:00:00,28308.0,29088.09,28257.99,28711.15,17152.45801
2023-06-21 04:00:00,28711.15,29005.0,28680.0,28872.28,11260.27734
2023-06-21 08:00:00,28872.28,29221.99,28787.7,28930.0,11143.04259
2023-06-21 12:00:00,28930.0,30000.0,28875.81,29851.58,27907.23239
2023-06-21 16:00:00,29851.58,30800.0,29763.37,30112.03,32165.45866
2023-06-21 20:00:00,30112.02,30195.77,29800.0,29993.89,9297.93513
2023-06-22 00:00:00,29993.89,30500.0,29891.15,30296.01,10104.59967
2023-06-22 04:00:00,30296.0,30350.0,30010.0,30100.75,7689.18523
2023-06-22 08:00:00,30100.75,30244.0,29840.09,29928.0,10681.90715
2023-06-22 12:00:00,29928.01,30351.14,29525.61,29850.65,16896.20667
2023-06-22 16:00:00,29850.65,30234.83,29821.5,30213.11,8943.57285
2023-06-22 20:00:00,30213.11,30256.76,29880.0,29884.92,4739.09303
2023-06-23 00:00:00,29884.92,30054.0,29800.0,30007.96,4581.18928
2023-06-23 04:00:00,30007.97,30082.25,29904.29,29931.99,4355.16293
2023-06-23 08:00:00,29932.0,30195.0,29906.71,30140.87,6057.11746
2023-06-23 12:00:00,30140.86,31400.0,29911.07,31238.0,26083.48619
2023-06-23 16:00:00,31238.01,31431.94,30615.33,30880.87,25886.97674
2023-06-23 20:00:00,30880.88,30950.0,30453.1,30688.5,6967.96375
2023-06-24 00:00:00,30688.51,30794.11,30410.0,30730.01,6049.00866
2023-06-24 04:00:00,30730.0,30788.0,30552.01,30567.58,3587.21749
2023-06-24 08:00:00,30567.58,30742.73,30552.78,30684.38,3478.09199
2023-06-24 12:00:00,30684.37,30800.0,30282.07,30398.71,7419.33976
2023-06-24 16:00:00,30398.72,30709.36,30250.0,30627.84,6143.31292
2023-06-24 20:00:00,30627.84,30627.85,30408.95,30527.43,3836.33053
2023-06-25 00:00:00,30527.44,30783.68,30465.41,30748.46,3538.22628
2023-06-25 04:00:00,30748.46,31046.01,30666.87,30723.78,8518.57452
2023-06-25 08:00:00,30723.78,30761.7,30584.51,30716.03,3922.90014
2023-06-25 12:00:00,30716.03,30739.8,30462.0,30585.16,5838.8806
2023-06-25 16:00:00,30585.16,30655.11,30328.0,30429.78,4871.42995
2023-06-25 20:00:00,30429.78,30571.89,30277.49,30462.66,3533.43652
2023-06-26 00:00:00,30462.67,30550.0,29963.6,30296.36,9207.88051
2023-06-26 04:00:00,30296.35,30580.0,30164.79,30404.29,6806.5466
2023-06-26 08:00:00,30404.28,30428.36,30130.0,30322.89,5433.69289
2023-06-26 12:00:00,30322.89,30666.0,30257.02,30419.62,9096.84715
2023-06-26 16:00:00,30419.63,30432.0,29930.0,30243.97,11221.92192
2023-06-26 20:00:00,30243.97,30290.0,30099.0,30267.99,3413.52582
2023-06-27 00:00:00,30267.99,30496.88,30226.17,30371.57,4890.13774
2023-06-27 04:00:00,30371.56,30470.8,30233.58,30411.22,4152.72217
2023-06-27 08:00:00,30411.23,30786.99,30336.0,30729.1,8932.93349
2023-06-27 12:00:00,30729.09,30994.97,30383.0,30498.74,13404.27576
2023-06-27 16:00:00,30498.74,30769.96,30455.5,30648.03,7509.05985
2023-06-27 20:00:00,30648.03,30736.24,30554.09,30692.44,3810.51256
2023-06-28 00:00:00,30692.44,30709.74,30336.36,30452.75,5422.85
2023-06-28 04:00:00,30452.74,30488.83,30155.75,30186.13,6169.86931
2023-06-28 08:00:00,30186.14,30388.0,30150.98,30310.73,4469.60145
2023-06-28 12:00:00,30310.73,30490.86,30009.0,30411.06,10958.22627
2023-06-28 16:00:00,30411.07,30466.36,29858.8,30100.0,9490.07497
2023-06-28 20:00:00,30099.99,30218.55,29948.82,30077.41,3952.89737
2023-06-29 00:00:00,30077.4,30245.9,30049.98,30176.0,2950.73551
2023-06-29 04:00:00,30176.0,30421.48,30141.05,30340.29,3650.28435
2023-06-29 08:00:00,30340.29,30750.0,30337.23,30670.94,9512.82089
2023-06-29 12:00:00,30670.95,30843.98,30400.0,30478.8,10056.97009
2023-06-29 16:00:00,30478.79,30663.37,30416.63,30584.99,5567.6853
2023-06-29 20:00:00,30584.99,30639.9,30250.0,30447.31,4592.13289
2023-06-30 00:00:00,30447.31,30883.68,30347.17,30745.05,7913.86236
2023-06-30 04:00:00,30745.06,31282.0,30610.01,30765.09,15308.46395
2023-06-30 08:00:00,30765.1,30963.2,30717.5,30910.01,6842.23429
2023-06-30 12:00:00,30910.01,31137.36,29500.0,30067.72,36336.678
2023-06-30 16:00:00,30067.72,30748.08,29925.5,30372.36,18843.02962
2023-06-30 20:00:00,30372.37,30544.44,30340.46,30472.0,4174.80796
2023-07-01 00:00:00,30471.99,30534.74,30375.85,30398.01,4008.04076
2023-07-01 04:00:00,30398.02,30472.69,30320.57,30459.88,3285.51834
2023-07-01 08:00:00,30459.87,30600.0,30420.77,30523.02,2775.7443
2023-07-01 12:00:00,30523.02,30661.6,30503.94,30572.58,3801.28671
2023-07-01 16:00:00,30572.59,30633.92,30543.99,30609.51,2240.4209
2023-07-01 20:00:00,30609.51,30612.68,30548.88,30585.9,1390.73974
2023-07-02 00:00:00,30585.9,30649.99,30463.16,30509.31,3211.40133
2023-07-02 04:00:00,30509.3,30553.17,30470.01,30513.01,2300.42674
2023-07-02 08:00:00,30513.01,30552.0,30484.0,30544.74,1915.72134
2023-07-02 12:00:00,30544.74,30628.0,30155.0,30498.01,5741.64801
2023-07-02 16:00:00,30498.0,30693.14,30366.65,30557.74,4005.03205
2023-07-02 20:00:00,30557.74,30791.0,30425.47,30617.03,6112.18072
2023-07-03 00:00:00,30617.02,30800.01,30587.77,30756.65,3617.65215
2023-07-03 04:00:00,30756.65,30795.8,30606.0,30667.19,4529.14702
2023-07-03 08:00:00,30667.19,30700.92,30583.01,30625.22,5651.3227
2023-07-03 12:00:00,30625.22,31170.0,30570.27,31068.64,11506.76313
2023-07-03 16:00:00,31068.64,31380.0,30800.8,31255.84,12496.68998
2023-07-03 20:00:00,31255.83,31299.16,30900.0,31156.2,5960.06813
2023-07-04 00:00:00,31156.2,31350.69,31096.48,31195.69,5915.60031
2023-07-04 04:00:00,31195.68,31212.26,30879.29,30911.41,6224.065
2023-07-04 08:00:00,30911.4,31080.0,30867.68,31067.99,4279.90524
2023-07-04 12:00:00,31067.99,31080.0,30886.0,30964.37,5117.54936
2023-07-04 16:00:00,30964.38,31130.0,30620.0,30696.84,8695.01225
2023-07-04 20:00:00,30696.84,30843.73,30668.5,30766.51,2973.98727
2023-07-05 00:00:00,30766.52,30878.07,30752.0,30868.71,2838.19206
2023-07-05 04:00:00,30868.71,30869.57,30762.0,30774.25,2778.41767
2023-07-05 08:00:00,30774.24,30810.34,30350.0,30404.3,9136.14566
2023-07-05 12:00:00,30404.31,30452.0,30200.0,30356.11,10424.67966
2023-07-05 16:00:00,30356.11,30591.57,30333.7,30431.95,4635.72484
2023-07-05 20:00:00,30431.95,30539.13,30383.83,30504.81,3402.51133
2023-07-06 00:00:00,30504.8,30560.51,30327.0,30490.85,2865.18104
2023-07-06 04:00:00,30490.85,30857.89,30438.26,30803.19,6076.76347
2023-07-06 08:00:00,30803.2,31500.0,30701.0,30846.55,20483.84413
2023-07-06 12:00:00,30846.55,30887.1,29888.0,30407.01,27112.31388
2023-07-06 16:00:00,30407.0,30464.13,30157.41,30309.88,7633.47953
2023-07-06 20:00:00,30309.88,30345.18,29850.45,29895.43,7148.04405
2023-07-07 00:00:00,29895.42,30165.64,29701.02,30135.4,8889.61673
2023-07-07 04:00:00,30135.41,30300.0,29930.53,30007.4,5605.28806
2023-07-07 08:00:00,30007.41,30199.0,29970.0,30118.7,4267.97548
2023-07-07 12:00:00,30118.7,30443.75,30041.05,30390.83,8978.21955
2023-07-07 16:00:00,30390.83,30449.0,30116.0,30246.2,4029.29082
2023-07-07 20:00:00,30246.21,30346.06,30214.16,30344.7,2300.14831
2023-07-08 00:00:00,30344.7,30386.81,30257.07,30274.83,2033.13323
2023-07-08 04:00:00,30274.82,30279.19,30145.21,30193.36,2329.32411
2023-07-08 08:00:00,30193.36,30313.98,30156.23,30201.71,2090.67845
2023-07-08 12:00:00,30201.72,30239.37,30152.19,30208.0,1628.14246
2023-07-08 16:00:00,30208.01,30318.25,30044.47,30112.0,2961.09304
2023-07-08 20:00:00,30112.0,30289.99,30054.06,30284.63,2052.21913
2023-07-09 00:00:00,30284.63,30402.98,30246.47,30287.99,2693.84185
2023-07-09 04:00:00,30287.99,30299.89,30233.33,30265.0,1865.45368
2023-07-09 08:00:00,30265.0,30310.0,30240.0,30266.69,1557.55664
2023-07-09 12:00:00,30266.7,30445.52,30190.0,30349.47,4204.63044
2023-07-09 16:00:00,30349.47,30349.74,30204.0,30242.42,1814.15215
2023-07-09 20:00:00,30242.43,30249.99,30061.12,30160.71,3252.8672
2023-07-10 00:00:00,30160.71,30240.0,29950.0,30156.17,5431.19593
2023-07-10 04:00:00,30156.17,30160.0,30050.29,30112.1,2853.31032
2023-07-10 08:00:00,30112.11,30245.9,30000.02,30240.0,4702.37808
2023-07-10 12:00:00,30240.0,30362.0,30143.21,30312.81,5908.11612
2023-07-10 16:00:00,30312.82,30840.0,30241.0,30837.4,7615.41653
2023-07-10 20:00:00,30837.4,31045.78,30190.0,30411.57,14752.45954
2023-07-11 00:00:00,30411.57,30600.0,30363.29,30476.0,4533.99483
2023-07-11 04:00:00,30475.99,30658.0,30430.88,30535.38,4563.71355
2023-07-11 08:00:00,30535.38,30567.32,30344.28,30404.31,4397.68536
2023-07-11 12:00:00,30404.31,30813.63,30300.0,30596.45,7750.28791
2023-07-11 16:00:00,30596.44,30693.87,30405.0,30581.99,4536.83905
2023-07-11 20:00:00,30582.0,30650.0,30501.56,30622.1,2694.31241
2023-07-12 00:00:00,30622.1,30671.38,30497.95,30588.32,3576.286
2023-07-12 04:00:00,30588.32,30849.01,30565.53,30740.0,4266.19442
2023-07-12 08:00:00,30740.0,30809.13,30656.0,30776.25,3490.22801
2023-07-12 12:00:00,30776.25,30983.25,30461.59,30524.63,15884.13856
2023-07-12 16:00:00,30524.63,30538.44,30210.0,30287.47,7668.51251
2023-07-12 20:00:00,30287.48,30419.99,30238.28,30380.0,3223.63719
2023-07-13 00:00:00,30380.0,30433.25,30274.0,30298.01,3210.23446
2023-07-13 04:00:00,30298.01,30426.91,30251.0,30366.02,3711.05195
2023-07-13 08:00:00,30366.01,30637.06,30345.05,30543.99,4724.52462
2023-07-13 12:00:00,30543.99,31170.0,30459.91,30917.48,15742.34992
2023-07-13 16:00:00,30917.48,31804.2,30718.27,31606.01,33413.97579
2023-07-13 20:00:00,31606.0,31691.46,31000.0,31454.23,9970.38162
2023-07-14 00:00:00,31454.23,31630.0,31333.0,31460.0,8667.09146
2023-07-14 04:00:00,31459.99,31469.0,31075.25,31098.74,5686.39884
2023-07-14 08:00:00,31098.75,31287.85,31083.95,31209.59,4545.37951
2023-07-14 12:00:00,31209.58,31360.11,31050.0,31240.48,5568.76486
2023-07-14 16:00:00,31240.49,31275.5,29900.0,30115.17,29179.61822
2023-07-14 20:00:00,30115.18,30319.03,29985.31,30312.01,7102.23135
2023-07-15 00:00:00,30312.0,30390.9,30200.0,30292.91,3765.02048
2023-07-15 04:00:00,30292.9,30366.83,30257.45,30338.0,2509.41585
2023-07-15 08:00:00,30338.0,30371.67,30263.25,30311.99,2699.92345
2023-07-15 12:00:00,30311.99,30365.04,30250.99,30303.41,2114.38171
2023-07-15 16:00:00,30303.4,30358.18,30256.89,30326.47,1864.0798
2023-07-15 20:00:00,30326.47,30326.47,30269.96,30289.52,1165.732
2023-07-16 00:00:00,30289.52,30335.0,30064.29,30188.0,4106.79294
2023-07-16 04:00:00,30188.0,30311.99,30134.59,30265.22,1941.43927
2023-07-16 08:00:00,30265.23,30350.0,30265.22,30306.01,2061.54158
2023-07-16 12:00:00,30306.01,30441.46,30273.08,30379.95,3061.26246
2023-07-16 16:00:00,30379.96,30403.13,30200.43,30252.93,2207.15898
2023-07-16 20:00:00,30252.94,30361.0,30122.95,30231.99,2381.93287
2023-07-17 00:00:00,30232.0,30336.96,30176.03,30312.66,2046.85414
2023-07-17 04:00:00,30312.66,30323.05,30232.06,30281.0,2300.08203
2023-07-17 08:00:00,30281.01,30328.0,29965.39,30161.7,6972.3241
2023-07-17 12:00:00,30161.7,30308.0,30032.0,30174.83,5199.39113
2023-07-17 16:00:00,30174.84,30241.03,29659.2,29884.39,10264.88813
2023-07-17 20:00:00,29884.4,30285.71,29881.41,30138.0,4099.22886
2023-07-18 00:00:00,30138.01,30239.78,30073.96,30073.96,2946.84335
2023-07-18 04:00:00,30073.97,30118.19,29921.54,29968.13,4074.27718
2023-07-18 08:00:00,29968.13,30111.68,29810.0,29884.01,5367.53981
2023-07-18 12:00:00,29884.0,30034.15,29675.0,29912.0,7997.98214
2023-07-18 16:00:00,29912.01,29964.99,29512.0,29715.99,7221.04629
2023-07-18 20:00:00,29715.98,29865.0,29690.65,29859.13,2396.17133
2023-07-19 00:00:00,29859.14,30076.71,29839.5,30059.11,3876.95657
2023-07-19 04:00:00,30059.1,30189.09,29966.48,30000.68,4281.65902
2023-07-19 08:00:00,30000.68,30046.0,29867.17,30012.63,3539.89276
2023-07-19 12:00:00,30012.62,30128.0,29761.96,29956.46,6395.6526
2023-07-19 16:00:00,29956.46,30100.0,29870.0,30044.31,4369.91637
2023-07-19 20:00:00,30044.31,30054.0,29830.36,29909.21,3193.28405
2023-07-20 00:00:00,29909.21,30047.95,29881.29,29948.01,2444.85301
2023-07-20 04:00:00,29948.0,30246.98,29926.88,30202.77,5123.20299
2023-07-20 08:00:00,30202.78,30417.46,30166.67,30284.9,7608.78698
2023-07-20 12:00:00,30284.9,30316.0,29627.04,29810.18,11993.35064
2023-07-20 16:00:00,29810.17,29872.71,29570.96,29756.0,6738.857
2023-07-20 20:00:00,29756.0,29888.0,29669.56,29800.0,3631.63131
2023-07-21 00:00:00,29800.0,29953.01,29726.34,29897.62,4221.94752
2023-07-21 04:00:00,29897.62,29904.0,29751.9,29766.81,3343.90966
2023-07-21 08:00:00,29766.81,29851.37,29729.76,29778.51,3237.11897
2023-07-21 12:00:00,29778.51,29913.94,29778.5,29866.0,4668.9474
2023-07-21 16:00:00,29866.0,30061.7,29770.0,29875.99,5597.68776
2023-07-21 20:00:00,29875.99,29955.0,29833.93,29901.72,2811.79734
2023-07-22 00:00:00,29901.72,29999.0,29896.0,29903.41,2730.91284
2023-07-22 04:00:00,29903.4,29990.0,29848.0,29944.77,2257.82522
2023-07-22 08:00:00,29944.78,29979.92,29864.48,29886.94,2527.3291
2023-07-22 12:00:00,29886.93,29907.35,29828.77,29900.24,1964.17495
2023-07-22 16:00:00,29900.23,29908.71,29801.66,29836.0,1801.40881
2023-07-22 20:00:00,29836.0,29839.75,29625.1,29794.0,3378.75375
2023-07-23 00:00:00,29793.99,29893.77,29730.0,29845.72,2210.12963
2023-07-23 04:00:00,29845.71,29980.88,29845.71,29916.0,2924.91327
2023-07-23 08:00:00,29916.0,29959.0,29884.0,29888.58,2006.54126
2023-07-23 12:00:00,29888.59,29931.51,29852.29,29897.64,1417.20165
2023-07-23 16:00:00,29897.64,30350.0,29897.63,30093.12,6979.01521
2023-07-23 20:00:00,30093.12,30143.5,29920.37,30083.75,2754.98535
2023-07-24 00:00:00,30083.75,30099.58,29669.83,29716.01,4955.72652
2023-07-24 04:00:00,29716.0,29870.0,29660.0,29828.0,3839.73703
2023-07-24 08:00:00,29828.0,29832.54,29000.0,29269.99,12633.36871
2023-07-24 12:00:00,29269.99,29270.0,28861.9,29093.78,11841.66927
2023-07-24 16:00:00,29093.78,29157.15,29000.0,29117.99,4363.62637
2023-07-24 20:00:00,29117.99,29210.0,29090.36,29176.5,1994.86901
2023-07-25 00:00:00,29176.5,29183.34,29047.65,29111.0,3185.67346
2023-07-25 04:00:00,29111.0,29165.3,29074.55,29142.46,2754.17235
2023-07-25 08:00:00,29142.46,29282.0,29120.0,29128.29,3420.58834
2023-07-25 12:00:00,29128.29,29340.57,29082.84,29181.51,6818.58052
2023-07-25 16:00:00,29181.5,29376.0,29181.5,29198.83,3475.16328
2023-07-25 20:00:00,29198.82,29255.99,29183.93,29228.91,1911.56985
2023-07-26 00:00:00,29228.91,29412.88,29096.94,29242.81,4301.44969
2023-07-26 04:00:00,29242.8,29320.84,29180.0,29216.61,3303.70822
2023-07-26 08:00:00,29216.61,29240.54,29160.33,29175.39,2818.48677
2023-07-26 12:00:00,29175.39,29354.0,29166.36,29324.0,5180.25464
2023-07-26 16:00:00,29324.01,29499.0,29195.0,29401.93,9364.62077
2023-07-26 20:00:00,29401.93,29690.0,29280.01,29351.96,8963.11357
2023-07-27 00:00:00,29351.95,29450.44,29302.01,29405.78,2433.06591
2023-07-27 04:00:00,29405.78,29499.41,29378.6,29412.17,3487.8236
2023-07-27 08:00:00,29412.18,29567.49,29396.0,29507.03,3279.97998
2023-07-27 12:00:00,29507.02,29507.03,29236.78,29292.01,5407.7351
2023-07-27 16:00:00,29292.0,29333.22,29083.85,29163.83,5538.09551
2023-07-27 20:00:00,29163.83,29238.0,29133.5,29222.78,2329.77616
2023-07-28 00:00:00,29222.78,29305.3,29188.15,29253.85,3009.31278
2023-07-28 04:00:00,29253.84,29266.0,29135.15,29140.8,3783.45723
2023-07-28 08:00:00,29140.79,29246.08,29123.12,29206.59,3823.62755
2023-07-28 12:00:00,29206.58,29542.22,29206.58,29387.99,7235.3303
2023-07-28 16:00:00,29387.99,29399.98,29194.05,29316.0,4641.51658
2023-07-28 20:00:00,29316.0,29364.46,29284.68,29314.14,1500.37183
2023-07-29 00:00:00,29314.14,29396.15,29296.0,29371.89,2528.35734
2023-07-29 04:00:00,29371.9,29406.92,29295.0,29295.01,2178.5164
2023-07-29 08:00:00,29295.0,29330.55,29256.18,29267.16,1989.92338
2023-07-29 12:00:00,29267.16,29335.25,29261.87,29292.34,1933.64564
2023-07-29 16:00:00,29292.34,29349.62,29290.6,29338.02,1140.45592
2023-07-29 20:00:00,29338.03,29380.92,29338.02,29352.9,1080.46976
2023-07-30 00:00:00,29352.9,29352.92,29306.03,29314.92,971.6578
2023-07-30 04:00:00,29314.93,29331.98,29268.65,29294.31,1373.60195
2023-07-30 08:00:00,29294.3,29326.47,29232.22,29314.0,2125.5252
2023-07-30 12:00:00,29314.0,29449.0,29278.38,29349.37,3896.8527
2023-07-30 16:00:00,29349.36,29405.66,29113.51,29202.28,3341.76402
2023-07-30 20:00:00,29202.28,29284.0,29033.24,29281.09,3997.57274
2023-07-31 00:00:00,29281.09,29530.0,29264.0,29421.99,4109.65797
2023-07-31 04:00:00,29422.0,29443.68,29360.66,29373.61,2975.90381
2023-07-31 08:00:00,29373.62,29420.06,29332.32,29405.99,3067.69901
2023-07-31 12:00:00,29405.99,29473.97,29225.97,29247.98,4845.7793
2023-07-31 16:00:00,29247.99,29274.99,29101.8,29157.48,4521.86978
2023-07-31 20:00:00,29157.49,29295.24,29115.64,29232.25,3084.57977
2023-08-01 00:00:00,29232.26,29347.16,28720.0,28835.0,8673.02328
2023-08-01 04:00:00,28835.01,28970.81,28803.5,28937.3,4964.8536
2023-08-01 08:00:00,28937.31,28995.59,28862.18,28862.19,3644.73244
2023-08-01 12:00:00,28862.19,28980.0,28585.7,28954.0,9581.32861
2023-08-01 16:00:00,28953.99,29335.0,28864.01,29274.41,8846.63298
2023-08-01 20:00:00,29274.42,29739.25,29180.0,29705.99,9009.08071
2023-08-02 00:00:00,29705.99,30047.5,29622.5,29632.96,12892.26158
2023-08-02 04:00:00,29632.96,29719.77,29564.0,29577.26,5196.11558
2023-08-02 08:00:00,29577.25,29577.26,29378.62,29562.49,6827.56627
2023-08-02 12:00:00,29562.49,29603.8,29169.04,29321.4,9531.2654
2023-08-02 16:00:00,29321.39,29364.0,28927.5,29151.56,11051.05572
2023-08-02 20:00:00,29151.57,29233.06,29066.35,29186.01,2683.38686
2023-08-03 00:00:00,29186.0,29275.8,29126.34,29182.14,3369.62096
2023-08-03 04:00:00,29182.13,29192.0,29013.04,29044.17,3838.38639
2023-08-03 08:00:00,29044.16,29197.78,28968.0,29146.01,3557.08908
2023-08-03 12:00:00,29146.01,29433.33,29078.43,29259.07,7234.91983
2023-08-03 16:00:00,29259.07,29368.86,29137.55,29281.32,5040.57791
2023-08-03 20:00:00,29281.32,29361.14,29165.46,29193.64,3436.32577
2023-08-04 00:00:00,29193.65,29251.68,29100.0,29161.29,2758.43275
2023-08-04 04:00:00,29161.28,29253.02,29134.7,29212.92,2786.72183
2023-08-04 08:00:00,29212.91,29263.52,29137.0,29167.51,3233.96545
2023-08-04 12:00:00,29167.51,29333.08,29130.0,29274.28,5261.81968
2023-08-04 16:00:00,29274.28,29286.7,28950.0,29032.06,5475.27303
2023-08-04 20:00:00,29032.05,29130.35,28807.54,29113.99,4035.73943
2023-08-05 00:00:00,29114.0,29152.23,29065.11,29094.53,2238.91853
2023-08-05 04:00:00,29094.52,29097.72,29035.0,29052.81,2237.92793
2023-08-05 08:00:00,29052.81,29090.39,29044.37,29048.0,2385.2365
2023-08-05 12:00:00,29048.01,29082.13,28978.64,29041.49,2527.96804
2023-08-05 16:00:00,29041.49,29099.0,29009.37,29067.35,1293.61863
2023-08-05 20:00:00,29067.36,29092.38,29052.5,29072.13,961.85055
2023-08-06 00:00:00,29072.13,29078.95,29036.0,29063.99,1730.38101
2023-08-06 04:00:00,29064.0,29107.48,29045.96,29092.68,2554.57467
2023-08-06 08:00:00,29092.68,29142.0,29047.82,29078.01,2173.81719
2023-08-06 12:00:00,29078.01,29078.01,28991.88,29012.93,2574.91787
2023-08-06 16:00:00,29012.92,29102.91,29000.52,29088.0,1393.09127
2023-08-06 20:00:00,29088.0,29205.09,29038.13,29088.42,2751.41519
2023-08-07 00:00:00,29088.43,29229.62,29018.25,29162.67,3469.1155
2023-08-07 04:00:00,29162.66,29197.82,29050.77,29094.09,3151.67245
2023-08-07 08:00:00,29094.09,29153.86,29045.14,29091.44,2870.95625
2023-08-07 12:00:00,29091.44,29150.0,28788.73,28858.44,8042.90902
2023-08-07 16:00:00,28858.45,29186.74,28701.03,29154.91,10217.00216
2023-08-07 20:00:00,29154.91,29276.78,29121.12,29211.06,3215.22208
2023-08-08 00:00:00,29211.06,29260.1,29146.45,29195.08,2613.81378
2023-08-08 04:00:00,29195.09,29331.24,29181.81,29187.62,3984.65386
2023-08-08 08:00:00,29187.62,29441.96,29171.47,29438.63,4673.9121
2023-08-08 12:00:00,29438.63,29674.7,29354.0,29535.39,12230.25712
2023-08-08 16:00:00,29535.38,29950.0,29535.38,29884.24,13510.46737
2023-08-08 20:00:00,29884.23,30244.0,29685.76,29770.42,8687.42969
2023-08-09 00:00:00,29770.41,29883.1,29613.0,29716.01,5699.9951
2023-08-09 04:00:00,29716.0,29821.29,29673.34,29818.0,4621.81004
2023-08-09 08:00:00,29818.01,29914.19,29740.01,29888.32,4765.65488
2023-08-09 12:00:00,29888.32,30160.0,29676.86,29761.7,11490.49149
2023-08-09 16:00:00,29761.7,29774.0,29396.95,29416.22,8420.25502
2023-08-09 20:00:00,29416.21,29626.0,29376.67,29581.99,3005.68072
2023-08-10 00:00:00,29581.99,29660.06,29566.66,29582.63,3086.43915
2023-08-10 04:00:00,29582.63,29616.98,29491.11,29512.0,3524.95587
2023-08-10 08:00:00,29511.99,29559.98,29476.0,29504.01,3463.97279
2023-08-10 12:00:00,29504.01,29738.0,29400.0,29466.0,8102.29021
2023-08-10 16:00:00,29465.99,29478.07,29320.2,29444.52,3677.42824
2023-08-10 20:00:00,29444.52,29488.29,29422.71,29455.75,1608.36747
2023-08-11 00:00:00,29455.76,29498.17,29352.47,29412.0,2899.21477
2023-08-11 04:00:00,29412.0,29490.0,29380.04,29417.28,3351.66422
2023-08-11 08:00:00,29417.28,29452.33,29350.0,29445.96,3809.67776
2023-08-11 12:00:00,29445.96,29564.52,29354.0,29395.89,5863.2428
2023-08-11 16:00:00,29395.9,29431.03,29252.45,29396.76,3515.35274
2023-08-11 20:00:00,29396.76,29444.73,29396.76,29426.03,1197.89201
2023-08-12 00:00:00,29426.02,29460.73,29381.56,29402.07,1581.2942
2023-08-12 04:00:00,29402.06,29426.68,29384.82,29421.49,1711.51601
2023-08-12 08:00:00,29421.48,29434.35,29390.57,29429.85,2189.80574
2023-08-12 12:00:00,29429.85,29458.1,29408.28,29438.81,1390.34294
2023-08-12 16:00:00,29438.81,29481.35,29411.58,29416.16,1263.44937
2023-08-12 20:00:00,29416.17,29433.16,29400.0,29430.17,835.07242
2023-08-13 00:00:00,29430.18,29455.21,29400.0,29418.56,1168.69051
2023-08-13 04:00:00,29418.56,29418.57,29363.0,29396.36,1836.11114
2023-08-13 08:00:00,29396.37,29416.53,29375.49,29383.38,1855.11829
2023-08-13 12:00:00,29383.39,29393.76,29362.0,29374.2,1507.97478
2023-08-13 16:00:00,29374.19,29474.65,29328.21,29442.91,2401.6459
2023-08-13 20:00:00,29442.91,29446.0,29272.32,29303.84,2332.16885
2023-08-14 00:00:00,29303.85,29429.95,29102.45,29399.91,9359.80818
2023-08-14 04:00:00,29399.91,29469.63,29392.6,29422.01,2986.60563
2023-08-14 08:00:00,29422.01,29495.76,29383.63,29409.99,3167.54657
2023-08-14 12:00:00,29410.0,29672.0,29332.61,29599.99,7136.81271
2023-08-14 16:00:00,29600.0,29695.32,29257.0,29360.54,6860.28114
2023-08-14 20:00:00,29360.54,29471.31,29338.12,29430.93,1932.06109
2023-08-15 00:00:00,29430.92,29454.23,29371.99,29402.01,2988.63804
2023-08-15 04:00:00,29402.0,29435.02,29351.33,29408.84,3759.31138
2023-08-15 08:00:00,29408.83,29457.44,29358.0,29366.0,4590.74949
2023-08-15 12:00:00,29365.99,29499.26,29315.0,29332.66,5517.77561
2023-08-15 16:00:00,29332.67,29369.23,29059.6,29181.73,7775.93801
2023-08-15 20:00:00,29181.73,29243.08,29135.81,29200.0,2871.46438
2023-08-16 00:00:00,29200.01,29259.85,29184.96,29228.51,3589.09589
2023-08-16 04:00:00,29228.51,29235.54,29111.0,29197.67,4292.06725
2023-08-16 08:00:00,29197.67,29216.46,29100.0,29164.67,4256.97828
2023-08-16 12:00:00,29164.67,29211.34,29047.09,29106.55,5632.45835
2023-08-16 16:00:00,29106.55,29235.0,28956.0,29111.7,6779.88052
2023-08-16 20:00:00,29111.69,29139.99,28723.08,28730.51,8446.21825
2023-08-17 00:00:00,28730.51,28783.48,28342.0,28657.31,10139.13995
2023-08-17 04:00:00,28657.3,28706.31,28601.87,28621.99,3829.77192
2023-08-17 08:00:00,28622.0,28635.3,28483.89,28545.11,5762.14855
2023-08-17 12:00:00,28545.1,28573.55,27888.0,27934.02,19119.98745
2023-08-17 16:00:00,27934.02,28089.78,27700.0,27894.01,14489.295
2023-08-17 20:00:00,27894.0,27920.23,25166.0,26623.41,46931.19746
2023-08-18 00:00:00,26623.41,26832.6,26321.18,26398.0,11747.28054
2023-08-18 04:00:00,26397.99,26610.0,26157.71,26429.99,13379.28911
2023-08-18 08:00:00,26430.0,26609.65,26381.6,26494.0,8403.77999
2023-08-18 12:00:00,26494.0,26500.0,25931.95,26002.0,14426.63632
2023-08-18 16:00:00,26001.99,26313.33,25619.0,26065.01,16489.27194
2023-08-18 20:00:00,26065.01,26243.8,26006.01,26054.0,5344.39921
2023-08-19 00:00:00,26054.0,26154.57,25924.0,25967.51,3998.46404
2023-08-19 04:00:00,25967.51,26009.18,25801.09,25917.99,4454.75935
2023-08-19 08:00:00,25918.0,25999.01,25884.0,25900.08,4023.9561
2023-08-19 12:00:00,25900.07,26226.04,25872.06,26216.01,6106.37301
2023-08-19 16:00:00,26216.01,26281.0,26026.96,26125.62,5104.24597
2023-08-19 20:00:00,26125.61,26156.0,26033.16,26100.01,2472.95496
2023-08-20 00:00:00,26100.01,26207.88,26046.4,26105.24,2661.66837
2023-08-20 04:00:00,26105.23,26160.16,26047.41,26088.44,2915.3072
2023-08-20 08:00:00,26088.44,26198.72,26058.98,26176.7,3036.61074
2023-08-20 12:00:00,26176.69,26217.52,25971.05,26106.83,4427.24407
2023-08-20 16:00:00,26106.83,26162.34,26002.51,26137.25,2456.00338
2023-08-20 20:00:00,26137.25,26299.0,26137.25,26189.99,3560.07833
2023-08-21 00:00:00,26190.0,26195.12,26070.0,26090.66,3015.05087
2023-08-21 04:00:00,26090.66,26189.04,26000.0,26023.34,4091.24604
2023-08-21 08:00:00,26023.33,26088.32,25880.2,26031.6,5803.825
2023-08-21 12:00:00,26031.61,26198.89,25812.0,25939.59,9288.78777
2023-08-21 16:00:00,25939.59,26164.0,25937.6,26097.74,4995.45618
2023-08-21 20:00:00,26097.73,26258.42,26082.25,26126.92,3072.87647
2023-08-22 00:00:00,26126.92,26139.42,26025.54,26055.99,2759.8298
2023-08-22 04:00:00,26056.0,26117.28,26000.0,26106.69,2705.6774
2023-08-22 08:00:00,26106.69,26112.44,26027.22,26049.64,2844.91271
2023-08-22 12:00:00,26049.63,26100.23,25914.03,25936.61,5083.53852
2023-08-22 16:00:00,25936.62,26054.73,25726.29,25779.99,10251.20292
2023-08-22 20:00:00,25780.0,26070.04,25300.0,26056.0,10601.90553
2023-08-23 00:00:00,26055.99,26187.99,25990.15,26006.32,4736.45838
2023-08-23 04:00:00,26006.32,26183.91,25976.72,26057.13,5066.45045
2023-08-23 08:00:00,26057.12,26096.0,25902.62,25939.49,3695.73713
2023-08-23 12:00:00,25939.49,26185.0,25812.82,26144.0,8219.23356
2023-08-23 16:00:00,26143.99,26819.27,26127.24,26632.0,15370.84219
2023-08-23 20:00:00,26632.01,26723.99,26222.43,26432.72,6934.97807
2023-08-24 00:00:00,26432.71,26547.89,26345.76,26442.01,4085.62274
2023-08-24 04:00:00,26442.01,26516.0,26384.0,26477.38,3595.17305
2023-08-24 08:00:00,26477.39,26577.87,26409.4,26444.02,3940.98697
2023-08-24 12:00:00,26444.02,26444.02,25990.72,25996.34,8755.58585
2023-08-24 16:00:00,25996.35,26163.0,25864.0,26039.44,6438.38839
2023-08-24 20:00:00,26039.44,26207.15,25936.01,26180.05,3389.46416
2023-08-25 00:00:00,26180.05,26187.34,26011.41,26106.0,2777.0727
2023-08-25 04:00:00,26106.0,26111.11,25974.22,25980.5,3435.96694
2023-08-25 08:00:00,25980.5,26128.75,25980.49,26096.4,2924.78322
2023-08-25 12:00:00,26096.41,26314.05,25777.15,25932.01,11380.01633
2023-08-25 16:00:00,25932.01,26066.62,25832.25,25972.36,4923.47202
2023-08-25 20:00:00,25972.37,26085.2,25957.4,26060.01,2312.02651
